PitchNo,Date,Time,PAofInning,PitchofPA,Pitcher,PitcherId,PitcherThrows,PitcherTeam,Batter,BatterId,BatterSide,BatterTeam,PitcherSet,Inning,Top/Bottom,Outs,Balls,Strikes,TaggedPitchType,AutoPitchType,PitchCall,KorBB,HitType,PlayResult,OutsOnPlay,RunsScored,Notes,RelSpeed,VertRelAngle,HorzRelAngle,SpinRate,SpinAxis,Tilt,RelHeight,RelSide,Extension,VertBreak,InducedVertBreak,HorzBreak,PlateLocHeight,PlateLocSide,ZoneSpeed,VertApprAngle,HorzApprAngle,ZoneTime,ExitSpeed,Angle,Direction,HitSpinRate,PositionAt110X,PositionAt110Y,PositionAt110Z,Distance,LastTrackedDistance,Bearing,HangTime,pfxx,pfxz,x0,y0,z0,vx0,vy0,vz0,ax0,ay0,az0,HomeTeam,AwayTeam,Stadium,Level,League,GameID,PitchUUID,yt_RelSpeed,yt_RelHeight,yt_RelSide,yt_VertRelAngle,yt_HorzRelAngle,yt_ZoneSpeed,yt_PlateLocHeight,yt_PlateLocSide,yt_VertApprAngle,yt_HorzApprAngle,yt_ZoneTime,yt_HorzBreak,yt_InducedVertBreak,yt_OutOfPlane,yt_FSRI,yt_EffectiveSpin,yt_GyroSpin,yt_Efficiency,yt_SpinComponentX,yt_SpinComponentY,yt_SpinComponentZ,yt_HitVelocityX,yt_HitVelocityY,yt_HitVelocityZ,yt_HitLocationX,yt_HitLocationY,yt_HitLocationZ,yt_GroundLocationX,yt_GroundLocationY,yt_HitBreakX,yt_HitBreakY,yt_HitBreakT,yt_HitSpinComponentX,yt_HitSpinComponentY,yt_HitSpinComponentZ,yt_SessionName,Note,yt_PitchSpinConfidence,yt_PitchReleaseConfidence,yt_HitSpinConfidence,yt_EffectiveBattingSpeed,yt_ReleaseAccuracy,yt_ZoneAccuracy,yt_SeamLat,yt_SeamLong,yt_ReleaseDistance,Catcher,CatcherId,CatcherTeam,yt_AeroModel
1,6/10/2025,7:51:37 PM,1,2,Cooper Stolfa,,Right,Kcl groundsloths 2025,Riley Hendren,,Right,Kcl bluecaps 2025,Windup,1,Bottom,0,1,0,Fastball,,Foul,,,,,,,80.71735461,-1.136829552,-4.769283331,2117.218753,217.1862518,1:15,5.770994018,2.22440261,6.000000192,-26.93964619,16.90070434,9.419360554,2.465651065,-1.433458315,72.47758684,-6.223205627,-2.989039689,0.476550063,54.73223544,-21.91530213,80.47641117,,-108.7827687,-16.31898358,18.46563931,7.77684117,,66.30132843,0.125431738,-6.696415156,9.522147931,-1.840482007,50,5.662447419,9.479904351,-116.9164273,-3.113870522,-9.087589685,26.06662689,-19.25170662,KCL BlueCaps 2025,KCL GroundSloths 2025,,,,a7e2d5ec-5834-4283-8774-090d88d82cfa,1acc7d6b-df80-41ea-b4c2-357e6c2b6a01,80.95758399,5.771286194,2.230747126,-1.141865688,-4.844426594,72.67035682,2.466390476,-1.438312998,-6.210324364,-3.062235659,0.476339895,10.1289487,15.47452923,-40.29863869,60.69631477,1614.768217,-1369.357095,76.26836927,-0.607611008,-0.646771664,-0.460972102,50.07726641,8.401256177,-20.42801703,0.862345395,1.596995249,2.736430116,7.121035027,3.125718914,,,,,,,,,0.977795771,0,,13.04627152,medium,high,35.37331671,42.10804679,54.66700175,Nolan Bowles,,Kcl groundsloths 2025,2022-11
2,6/10/2025,7:51:46 PM,1,2,Cooper Stolfa,,Right,Kcl groundsloths 2025,Riley Hendren,,Right,Kcl bluecaps 2025,Windup,1,Bottom,0,1,0,,,,,,,,,,,,,,,,,,,,,,,,,,,,,,,,,,,,,,,,,,,,,,,,,,KCL BlueCaps 2025,KCL GroundSloths 2025,,,,a7e2d5ec-5834-4283-8774-090d88d82cfa,30de0d07-a3a1-4af5-b40d-c29a7baf40b1,,,,,,,,,,,,,,,,,,,,,,,,,,,,,,,,,,,,,,,,,,,,,,,Nolan Bowles,,Kcl groundsloths 2025,2019-02
3,6/10/2025,7:51:56 PM,1,2,Cooper Stolfa,,Right,Kcl groundsloths 2025,Riley Hendren,,Right,Kcl bluecaps 2025,Windup,1,Bottom,0,1,0,Fastball,,BallCalled,,,,,,,81.31853671,0.321500491,-5.207488395,1988.751443,214.9094179,1:15,5.730783297,4.266983121,6.000000192,-27.54707627,15.74384271,7.949792365,3.73523556,0.076288337,72.77322342,-4.889381734,-3.706107604,0.473554453,,,,,,,,,,,,-6.07267952,8.40740335,-3.846239579,50,5.741133555,10.49556645,-117.7187651,-0.144753165,-8.342869135,26.71240661,-20.6236515,KCL BlueCaps 2025,KCL GroundSloths 2025,,,,a7e2d5ec-5834-4283-8774-090d88d82cfa,6294de6a-d63e-4bdd-b424-d918776f11ad,81.56530994,5.730666491,4.27280625,0.321210168,-5.276861277,72.97181045,3.736243344,0.072069768,-4.871589061,-3.773723201,0.473347644,8.60950159,14.23079988,-46.57280881,39.48637506,1367.131865,-1444.32779,68.74322429,-0.563734186,-0.726248519,-0.393404189,,,,,,,,,,,,,,,,,0.994177713,0,,,medium,high,54.46226244,-8.695593907,54.66700175,Nolan Bowles,,Kcl groundsloths 2025,2022-11
4,6/10/2025,7:52:10 PM,1,3,Cooper Stolfa,,Right,Kcl groundsloths 2025,Riley Hendren,,Right,Kcl bluecaps 2025,Windup,1,Bottom,0,1,1,Fastball,,BallCalled,,,,,,,81.41746016,0.321149498,-6.010649206,2241.148923,206.9141841,1:00,5.679618094,2.906921649,6.000000192,-24.61829223,18.68024391,7.135194282,3.92822104,-2.105321371,72.80497734,-4.331856706,-4.666756421,0.473596113,,,,,,,,,,,,-5.904157103,9.995632758,-2.419653895,50,5.691669298,12.18371008,-117.7011183,-0.05873832,-8.110242012,26.67111497,-18.44355439,KCL BlueCaps 2025,KCL GroundSloths 2025,,,,a7e2d5ec-5834-4283-8774-090d88d82cfa,54775268-9d4f-41db-8a3f-1a757ed670e6,81.671413,5.680891892,2.912212059,0.304491774,-6.072523456,73.01053827,3.928233585,-2.109324885,-4.32984852,-4.726832737,0.473376074,7.721463592,17.3257606,-42.58495147,81.13106197,1650.101556,-1516.54652,73.62748362,-0.656525594,-0.676682618,-0.333278831,,,,,,,,,,,,,,,,,0.992964939,0,,,medium,high,16.98204423,-87.76782391,54.66700175,Nolan Bowles,,Kcl groundsloths 2025,2022-11
5,6/10/2025,7:52:30 PM,1,4,Cooper Stolfa,,Right,Kcl groundsloths 2025,Riley Hendren,,Right,Kcl bluecaps 2025,Windup,1,Bottom,0,2,1,Fastball,,StrikeCalled,,,,,,,81.86046882,0.086723923,-5.787069697,2195.517564,215.5452421,1:15,5.502673331,4.657212145,6.000000192,-25.72882907,17.04589775,9.063208842,3.439617746,0.015648861,73.25697739,-4.776755027,-4.078376307,0.470722703,,,,,,,,,,,,-6.860703452,9.190353816,-4.18946896,50,5.494871216,11.73163295,-118.3953181,-0.579348715,-9.54086213,26.87513846,-19.39345073,KCL BlueCaps 2025,KCL GroundSloths 2025,,,,a7e2d5ec-5834-4283-8774-090d88d82cfa,798c13a4-198f-4ca8-9385-575b8e0158b3,82.10834777,5.503360612,4.663395338,0.076883634,-5.86028287,73.4578911,3.440035478,0.010973644,-4.768540997,-4.150198413,0.470514389,9.757928441,15.67346035,-42.802421,91.72849188,1610.853762,-1491.793395,73.37011499,-0.596980877,-0.679472312,-0.42653395,,,,,,,,,,,,,,,,,0.99524665,0,,,medium,high,7.444357308,-17.12492787,54.66700175,Nolan Bowles,,Kcl groundsloths 2025,2022-11
6,6/10/2025,7:52:50 PM,1,5,Cooper Stolfa,,Right,Kcl groundsloths 2025,Riley Hendren,,Right,Kcl bluecaps 2025,Windup,1,Bottom,0,2,2,Fastball,,InPlay,,LineDrive,Out,1,0,,81.12423978,0.544323472,-3.597368497,2181.758461,205.6611193,12:45,5.677019333,2.183971083,6.000000192,-27.68794922,15.6692075,5.340349181,3.876594925,-0.718771528,72.57849166,-4.703336404,-2.585018613,0.473916598,93.48395267,8.987188281,-16.34934642,859.7853316,-33.23488508,104.8591551,6.631488385,144.9943711,,-18.43660468,1.237171892,-4.1241351,8.292019427,-1.8936519,50,5.705433058,7.241878154,-117.6794165,0.309045421,-5.655672194,26.92536339,-20.80270928,KCL BlueCaps 2025,KCL GroundSloths 2025,,,,a7e2d5ec-5834-4283-8774-090d88d82cfa,3b0902c6-13ee-458e-aa7c-d126ef1b035a,81.37413542,5.676794995,2.189006606,0.545232929,-3.657423753,72.7815561,3.877795622,-0.722650677,-4.683704858,-2.643234668,0.473695746,5.905844626,14.08636954,-52.31149587,24.88093713,1333.857895,-1726.526309,61.13682697,-0.551069686,-0.791346219,-0.264751512,-25.9920384,88.60249513,14.60346548,0.602081152,2.507243391,3.987964543,-45.85522136,137.552413,-0.734960584,-20.56147957,-0.199953227,-0.59262281,0.131225889,0.7947188,,,0.996609193,0,0.996484406,54.81491235,medium,high,67.60715658,19.23346232,54.66700175,Nolan Bowles,,Kcl groundsloths 2025,2022-11
7,6/10/2025,7:53:21 PM,2,1,Cooper Stolfa,,Right,Kcl groundsloths 2025,Ethan Hamrick,,Left,Kcl bluecaps 2025,Windup,1,Bottom,1,0,0,Fastball,,BallCalled,,,,,,,80.82378539,0.780743452,-6.63963214,2128.483873,215.8131781,1:15,5.852688097,5.10007321,6.000000192,-26.82381188,17.21073818,9.267090054,4.347933134,-0.326273186,72.22878546,-4.285686102,-4.897163093,0.477604383,,,,,,,,,,,,-7.264600736,9.043774061,-4.562178001,50,5.901181622,13.31428874,-116.69503,0.820641793,-9.813206648,26.13431276,-19.95749055,KCL BlueCaps 2025,KCL GroundSloths 2025,,,,a7e2d5ec-5834-4283-8774-090d88d82cfa,28452ef3-0c17-4ddf-83eb-a8642b898e19,81.0729025,5.853253801,5.106366327,0.7722053,-6.714371118,72.43043759,4.348491306,-0.33112343,-4.275344232,-4.970595896,0.477390199,9.97833627,15.77930843,-42.68362542,27.2499547,1564.666315,-1443.004823,73.51083721,-0.596120886,-0.677949616,-0.430144404,,,,,,,,,,,,,,,,,0.996315062,0,,,medium,high,65.47504077,2.042681912,54.66700175,Nolan Bowles,,Kcl groundsloths 2025,2022-11
8,6/10/2025,7:53:38 PM,2,2,Cooper Stolfa,,Right,Kcl groundsloths 2025,Ethan Hamrick,,Left,Kcl bluecaps 2025,Windup,1,Bottom,1,1,0,Fastball,,BallCalled,,,,,,,81.07811187,-0.497415221,-3.340253049,2188.116783,217.5001438,1:15,5.829371869,3.492046477,6.000000192,-26.67285848,16.65654401,9.781255924,3.14354064,1.199219347,72.69766993,-5.546704409,-1.48532591,0.47376489,,,,,,,,,,,,-6.423640859,9.178955578,-3.225322194,50,5.773342056,6.580134487,-117.656193,-1.805329666,-8.817688685,26.63709138,-19.57415888,KCL BlueCaps 2025,KCL GroundSloths 2025,,,,a7e2d5ec-5834-4283-8774-090d88d82cfa,82fd207c-8b59-4664-8815-a88740ab6f90,81.31862567,5.829764973,3.49852802,-0.503764436,-3.417763352,72.89295483,3.144209587,1.194186004,-5.53500022,-1.561746739,0.473554342,10.51054198,15.20561126,-39.80289494,26.25524258,1681.023293,-1400.719724,76.82511763,-0.609493463,-0.640148522,-0.467683214,,,,,,,,,,,,,,,,,0.997618125,0,,,medium,high,66.37028168,-11.68370592,54.66700175,Nolan Bowles,,Kcl groundsloths 2025,2022-11
9,6/10/2025,7:53:54 PM,2,3,Cooper Stolfa,,Right,Kcl groundsloths 2025,Ethan Hamrick,,Left,Kcl bluecaps 2025,Windup,1,Bottom,1,2,0,Fastball,,BallCalled,,,,,,,82.14219698,-0.589038784,-8.169412453,2289.627579,212.6903736,1:00,5.516191133,4.041710771,6.000000192,-24.80148416,18.08338811,8.147079711,2.89631994,-2.923840421,73.55986353,-5.253473996,-6.648420538,0.471328372,,,,,,,,,,,,-7.157250382,9.977758808,-3.376451112,50,5.45334125,16.72834493,-118.2010039,-1.959128056,-9.929963839,26.59341655,-18.33091446,KCL BlueCaps 2025,KCL GroundSloths 2025,,,,a7e2d5ec-5834-4283-8774-090d88d82cfa,7c743b90-2b31-47e3-a62b-fcab5d903e41,82.39165918,5.517247837,4.047386465,-0.60312954,-8.236574978,73.76511329,2.896441789,-2.928337972,-5.249564607,-6.714931134,0.471119609,8.789611723,16.80510543,-45.09071748,83.59522128,1616.445737,-1621.57258,70.59863149,-0.594159168,-0.708225475,-0.381302452,,,,,,,,,,,,,,,,,0.996880107,0,,,medium,high,14.76430084,-33.48542985,54.66700175,Nolan Bowles,,Kcl groundsloths 2025,2022-11
10,6/10/2025,7:54:28 PM,2,4,Cooper Stolfa,,Right,Kcl groundsloths 2025,Ethan Hamrick,,Left,Kcl bluecaps 2025,Windup,1,Bottom,1,3,0,Fastball,,StrikeCalled,,,,,,,,,,,,,,,,,,,,,,,,,,,,,,,,,,,,,,,,,,,,,,,KCL BlueCaps 2025,KCL GroundSloths 2025,,,,a7e2d5ec-5834-4283-8774-090d88d82cfa,17070e6a-c668-4907-b060-053cbec0fb98,,,,,,,,,,,,,,,,,,,,,,,,,,,,,,,,,,,,,,,,,,,,,,,Nolan Bowles,,Kcl groundsloths 2025,2019-02
11,6/10/2025,7:54:34 PM,2,5,Cooper Stolfa,,Right,Kcl groundsloths 2025,Ethan Hamrick,,Left,Kcl bluecaps 2025,Windup,1,Bottom,1,3,1,Fastball,,Foul,,,,,,,81.45260317,-1.774685568,-5.423010992,2070.578074,216.1003612,1:15,5.634454469,3.164874265,6.000000192,-27.27504322,15.88649537,7.78711043,1.704206824,-1.241416699,73.2241253,-6.911794731,-3.95439206,0.472846285,86.1273312,11.78766034,43.1063665,3440.583543,80.69346508,74.7567032,6.337024704,139.7471173,,48.59978051,1.291232458,-6.033284584,9.188429239,-2.726334815,50,5.473393737,10.95693501,-117.8287086,-4.468977234,-8.3165953,26.45889434,-19.50823773,KCL BlueCaps 2025,KCL GroundSloths 2025,,,,a7e2d5ec-5834-4283-8774-090d88d82cfa,894ab119-9b0b-4b56-9df6-96cabae00345,81.69340586,5.634283275,3.170692337,-1.774105331,-5.491779654,73.41767738,1.705281037,-1.245845602,-6.893839475,-4.021145345,0.472639404,8.438105215,14.4411469,-46.75284564,88.30921997,1418.64996,-1508.21943,68.5146809,-0.553589146,-0.728405004,-0.403689494,57.61435367,61.55432993,17.59454172,1.24438369,2.700543085,1.87194973,104.8255056,92.41682838,-7.643975363,-28.98263052,-0.301638488,-0.22128694,0.333913126,-0.916260942,,,0.997269074,0,0.996715372,46.31505776,medium,high,10.52170203,-56.58713249,54.66700175,Nolan Bowles,,Kcl groundsloths 2025,2022-11
12,6/10/2025,7:54:59 PM,2,6,Cooper Stolfa,,Right,Kcl groundsloths 2025,Ethan Hamrick,,Left,Kcl bluecaps 2025,Windup,1,Bottom,1,3,2,Curveball,,BallCalled,Walk,,,,,,72.22943287,1.193869289,-3.633227138,1750.597843,21.53644055,6:45,5.112681134,2.821650623,6.000000192,-66.77300177,-11.58350137,-7.462666653,0.66023411,-1.181469866,65.26604994,-11.36408138,-5.050705336,0.534687158,,,,,,,,,,,,2.697708311,-6.726712159,-2.521028815,50,5.171826805,6.840306133,-104.6868473,0.45904073,2.899571103,22.85103916,-39.40410486,KCL BlueCaps 2025,KCL GroundSloths 2025,,,,a7e2d5ec-5834-4283-8774-090d88d82cfa,2f341110-c030-4f19-ad3d-566e6e78cb03,72.35334946,5.0960066,2.823392099,1.390017445,-3.654109063,65.31655043,0.673480666,-1.182586304,-11.17069578,-5.067259335,0.534556119,-7.263126881,-15.74918426,-38.0232883,46.1861354,1379.051735,-1078.336274,78.77604446,0.732762384,-0.615981722,0.28918127,,,,,,,,,,,,,,,,,0.995392715,0,,,medium,high,48.43247814,-50.34503246,54.66700175,Nolan Bowles,,Kcl groundsloths 2025,2022-11
13,6/10/2025,7:55:51 PM,3,1,Cooper Stolfa,,Right,Kcl groundsloths 2025,Cal Darling,,Right,Kcl bluecaps 2025,Windup,1,Bottom,1,0,0,Fastball,,StrikeCalled,,,,,,,82.18767608,-0.032896485,-6.518549071,2204.907369,213.5172342,1:00,5.814166434,4.261726976,6.000000192,-25.66938123,16.88283732,7.994666712,3.644278494,-1.1566239,73.55436267,-4.878409803,-5.015378038,0.469496789,,,,,,,,,,,,-6.532624602,9.142759177,-3.733089246,50,5.796601667,13.32706172,-118.7050812,-0.828289759,-9.132091628,27.01880107,-19.39319662,KCL BlueCaps 2025,KCL GroundSloths 2025,,,,a7e2d5ec-5834-4283-8774-090d88d82cfa,7d66c3d7-534f-46a3-abb4-07c12444bcd1,82.43884021,5.81477605,4.267600724,-0.041713626,-6.587418645,73.75742964,3.64476833,-1.161094948,-4.869172793,-5.082479722,0.46928527,8.648747953,15.51139191,-46.44274179,72.00545633,1519.355641,-1597.865746,68.90791254,-0.574498887,-0.724686111,-0.380501078,,,,,,,,,,,,,,,,,0.997569865,0,,,medium,high,25.19508931,-63.5046382,54.66700175,Nolan Bowles,,Kcl groundsloths 2025,2022-11
14,6/10/2025,7:56:17 PM,3,2,Cooper Stolfa,,Right,Kcl groundsloths 2025,Cal Darling,,Right,Kcl bluecaps 2025,Windup,1,Bottom,1,0,1,Fastball,,Foul,,,,,,,82.49876409,-0.535035033,-5.485023896,2133.340508,214.1716751,1:15,5.850989181,3.577448339,6.000000192,-25.11693233,16.95171195,8.456884424,3.258351374,-0.83118794,73.91584495,-5.280814345,-3.88961411,0.466821426,,,,,,,,,,,,-6.426898866,9.34945223,-3.134197337,50,5.792656373,11.21146002,-119.3769087,-1.867576085,-9.087982527,27.2862326,-18.95341857,KCL BlueCaps 2025,KCL GroundSloths 2025,,,,a7e2d5ec-5834-4283-8774-090d88d82cfa,111b4fe2-5f2d-422a-b8b5-d7c73f397dad,82.7459873,5.851637926,3.583241098,-0.544302245,-5.553723925,74.11693438,3.258769909,-0.835595103,-5.27266036,-3.957106423,0.466615712,9.107832147,15.60573634,-42.82479451,76.18606057,1564.668229,-1450.156907,73.34357658,-0.606814203,-0.679758764,-0.411952116,,,,,,,,,,,,,,,,,0.997420613,0,,,medium,high,21.43254549,-71.80154665,54.66700175,Nolan Bowles,,Kcl groundsloths 2025,2022-11
15,6/10/2025,7:57:01 PM,3,3,Cooper Stolfa,,Right,Kcl groundsloths 2025,Cal Darling,,Right,Kcl bluecaps 2025,Windup,1,Bottom,1,0,2,Fastball,,StrikeSwinging,Strikeout,,StrikeoutSwinging,1,0,,81.62543482,0.465946682,-2.584649614,2084.882741,213.3398135,1:00,5.772583412,1.852315021,6.000000192,-27.57120859,15.17268069,7.51224428,3.908481029,0.074547643,73.04394803,-4.763554942,-1.157983404,0.470552993,,,,,,,,,,,,-4.951388011,8.050408771,-1.645985166,50,5.794631208,5.128524255,-118.5209044,0.151321329,-6.887543872,27.31315112,-20.97566572,KCL BlueCaps 2025,KCL GroundSloths 2025,,,,a7e2d5ec-5834-4283-8774-090d88d82cfa,9cf667dc-9ac6-4e83-b468-1c29f1900016,81.87410478,5.772356465,1.858235774,0.46692962,-2.654692822,73.24342855,3.909655887,0.070048391,-4.744385722,-1.225791563,0.470335297,8.170012181,13.6098703,-47.74715334,4.816349917,1401.882614,-1543.19836,67.24035778,-0.5617432,-0.740184726,-0.369555339,,,,,,,,,,,,,,,,,0.997310257,0,,,medium,high,85.66528508,3.113451936,54.66700175,Nolan Bowles,,Kcl groundsloths 2025,2022-11
16,6/10/2025,7:58:11 PM,4,1,Cooper Stolfa,,Right,Kcl groundsloths 2025,Braxton Waller,,Right,Kcl bluecaps 2025,Windup,1,Bottom,2,0,0,Fastball,,BallCalled,,,,,,,81.73261888,-2.343286385,-5.112008575,2074.786421,219.8604263,1:15,5.564768009,2.723467179,6.000000192,-26.97812538,15.85402402,9.140955396,1.128838193,-1.27850209,73.56135824,-7.420163104,-3.386519326,0.471038556,,,,,,,,,,,,-6.651097646,9.356949449,-2.311262843,50,5.357384099,10.30919391,-118.2553227,-5.654696461,-9.240008985,26.53325156,-19.17494755,KCL BlueCaps 2025,KCL GroundSloths 2025,,,,a7e2d5ec-5834-4283-8774-090d88d82cfa,6d70bfc2-af93-402b-916d-5ef325551949,81.96996281,5.564671175,2.729754575,-2.343473052,-5.186230328,73.7513578,1.129827859,-1.283265951,-7.403486038,-3.458646304,0.470836618,9.842836758,14.4534448,-43.00923882,10.27480645,1517.174534,-1415.245606,73.12437168,-0.561308536,-0.682116285,-0.468668433,,,,,,,,,,,,,,,,,0.996191899,0,,,medium,high,80.7526742,11.45620676,54.66700175,Nolan Bowles,,Kcl groundsloths 2025,2022-11
17,6/10/2025,7:58:31 PM,4,2,Cooper Stolfa,,Right,Kcl groundsloths 2025,Braxton Waller,,Right,Kcl bluecaps 2025,Windup,1,Bottom,2,1,0,Fastball,,InPlay,,FlyBall,Double,0,1,,82.75777459,-1.785454321,-4.483654359,2184.39299,216.9923527,1:15,5.622344549,3.326717993,6.000000192,-24.62915731,17.05658856,9.536137437,1.90489187,-0.054210813,74.34731771,-6.43330075,-2.680363442,0.464692123,97.66183745,27.15744372,6.024421513,1933.940759,13.84025226,109.1258329,52.1550545,370.702415,,9.850128781,4.916420014,-6.659360078,9.822562103,-2.966284466,50,5.462140664,9.115703612,-119.8878048,-4.485373309,-9.505026677,27.35214423,-18.15412669,KCL BlueCaps 2025,KCL GroundSloths 2025,,,,a7e2d5ec-5834-4283-8774-090d88d82cfa,2a30c3ff-ed36-4e36-8696-a06fa1a97230,82.99860799,5.623068236,3.332798869,-1.795474344,-4.556438686,74.54294343,1.905224269,-0.058919288,-6.426616596,-2.751939811,0.46449243,10.2234818,15.76472692,-38.84643369,75.23968768,1701.270557,-1370.128178,77.88298925,-0.622063762,-0.627235202,-0.468628506,9.119852728,86.41527012,44.5764946,-0.028615957,0.789033793,1.605900242,63.41664761,365.2377435,31.33868365,58.99996059,1.395804995,0.973192085,0.138093251,-0.183922319,,,0.997290998,0,0.997799987,57.30730827,medium,high,22.28428108,46.54998109,54.66700175,Nolan Bowles,,Kcl groundsloths 2025,2022-11
18,6/10/2025,7:59:23 PM,5,1,Cooper Stolfa,,Right,Kcl groundsloths 2025,Justin Trusner,,Right,Kcl bluecaps 2025,Windup,1,Bottom,2,0,0,Fastball,,StrikeCalled,,,,,,,81.16214835,1.966689125,-4.275476382,,,,4.332721256,2.918861197,6.000000192,,,,2.740612014,-1.062131388,72.57977961,-5.817471787,-4.275476382,,,,,,,,,,,,,,,,,,,,,,,,KCL BlueCaps 2025,KCL GroundSloths 2025,,,,a7e2d5ec-5834-4283-8774-090d88d82cfa,6c03db19-166d-4aba-8e2f-f4ac96737444,81.39009592,4.325780842,2.918861197,2.048471359,-4.275476382,72.75057864,2.746977964,-1.062131388,-5.720601379,-4.275476382,0.474731717,,,,,,,,,,,,,,,,,,,,,,,,,,,,0,,,low,high,,,54.66700175,Nolan Bowles,,Kcl groundsloths 2025,2022-11
19,6/10/2025,7:59:46 PM,5,2,Cooper Stolfa,,Right,Kcl groundsloths 2025,Justin Trusner,,Right,Kcl bluecaps 2025,Windup,1,Bottom,2,0,1,Fastball,,BallCalled,,,,,,,80.42996796,1.371804591,-6.251541678,2221.273532,211.5669509,1:00,5.421275847,3.73908523,6.000000192,-26.73018741,17.72024069,8.249544385,4.476578696,-1.406762879,71.78534732,-3.682123726,-4.698135823,0.479854417,,,,,,,,,,,,-6.598361974,9.117232823,-3.232612616,50,5.518235845,12.48882134,-116.1860161,2.025262959,-8.82798248,26.0788459,-19.97605682,KCL BlueCaps 2025,KCL GroundSloths 2025,,,,a7e2d5ec-5834-4283-8774-090d88d82cfa,dcb52411-8a6c-491c-b5c9-2805a88e0503,80.68465278,5.422075798,3.74520681,1.360455583,-6.323129163,71.98913361,4.477004658,-1.411344393,-3.673842229,-4.767278162,0.479630701,8.929194569,16.25563122,-44.58295387,88.45105661,1582.06855,-1559.20339,71.22349079,-0.606844822,-0.701941191,-0.372851078,,,,,,,,,,,,,,,,,0.997744012,0,,,medium,high,10.39404905,58.7144223,54.66700175,Nolan Bowles,,Kcl groundsloths 2025,2022-11
20,6/10/2025,8:00:09 PM,5,3,Cooper Stolfa,,Right,Kcl groundsloths 2025,Justin Trusner,,Right,Kcl bluecaps 2025,Windup,1,Bottom,2,1,1,Fastball,,StrikeCalled,,,,,,,79.71764015,-1.349698161,-5.563451384,2155.00444,219.2026245,1:15,5.552261402,3.084215262,6.000000192,-27.86028862,17.17524887,10.18220284,1.969999564,-1.254216309,71.6377142,-6.601671673,-3.643409769,0.483002299,,,,,,,,,,,,-7.363610785,9.737981948,-2.635522067,50,5.425624908,10.939912,-115.3205257,-3.53190218,-9.729669893,25.20720125,-19.30708085,KCL BlueCaps 2025,KCL GroundSloths 2025,,,,a7e2d5ec-5834-4283-8774-090d88d82cfa,e80c0d27-64ac-4e9b-84ea-667bb1cd9df8,79.95466923,5.55249034,3.090981423,-1.353929154,-5.643088968,71.82675041,1.970805257,-1.259327425,-6.587589652,-3.720761916,0.482791827,10.93640057,15.73997961,-39.21614747,14.6032203,1669.624885,-1362.496563,77.47663314,-0.600378468,-0.632247682,-0.489702525,,,,,,,,,,,,,,,,,0.997228197,0,,,medium,high,76.85710173,16.38853561,54.66700175,Nolan Bowles,,Kcl groundsloths 2025,2022-11
21,6/10/2025,8:00:35 PM,5,4,Cooper Stolfa,,Right,Kcl groundsloths 2025,Justin Trusner,,Right,Kcl bluecaps 2025,Windup,1,Bottom,2,1,2,Fastball,,InPlay,,LineDrive,Out,1,0,,80.28541018,-1.418238276,-4.688330279,2132.484767,219.5433844,1:15,5.55410355,2.4780829,6.000000192,-28.9375971,15.38522819,8.684532666,1.819840045,-1.165261585,72.17096255,-6.875768082,-3.04669305,0.479165168,83.55990277,18.56311873,14.85791164,3244.757724,37.25222586,103.5001047,27.44244405,251.9386044,,24.94750574,2.970785117,-6.275513796,8.798840816,-2.100374485,50,5.421402995,9.285019147,-116.2896158,-3.728056384,-8.423162951,25.83881393,-20.36400942,KCL BlueCaps 2025,KCL GroundSloths 2025,,,,a7e2d5ec-5834-4283-8774-090d88d82cfa,42ec7ae6-2628-4ff5-9f75-c7864581eed1,80.5214113,5.553634943,2.484450139,-1.414150282,-4.764482472,72.36107616,1.82120029,-1.170199625,-6.853557482,-3.121155687,0.478956541,9.403979498,13.85098969,-46.68844653,21.73378711,1462.810097,-1551.669392,68.59650862,-0.528976985,-0.727634455,-0.436728118,20.31191387,76.56407982,26.60122528,1.224557265,0.274694155,1.675708406,106.2646114,228.4313743,51.9942977,28.17381666,0.698750182,0.644595136,0.079309496,-0.760399313,,,0.995740693,0,0.995363866,47.01390336,medium,high,70.4395916,20.65271134,54.66700175,Nolan Bowles,,Kcl groundsloths 2025,2022-11
22,6/10/2025,8:02:58 PM,1,1,Cole Mcclusky,,Right,Kcl bluecaps 2025,Luke Mcclure,,Left,Kcl groundsloths 2025,Windup,2,Top,0,0,0,Fastball,,BallCalled,,,,,,,77.24858296,1.576838103,-5.185264118,1877.116494,212.0716467,1:00,5.544040834,4.377294035,6.000000192,-29.12527285,18.89180625,9.512917809,4.588831583,0.337685646,68.97647437,-3.938268423,-3.387633948,0.498734477,,,,,,,,,,,,-6.915617126,9.681827192,-3.95927922,50,5.656186184,9.879601631,-111.7880971,2.278838244,-8.565159455,24.14370092,-20.18287191,KCL BlueCaps 2025,KCL GroundSloths 2025,,,,a7e2d5ec-5834-4283-8774-090d88d82cfa,d12b1e44-5315-4b80-a70b-1fe16bb5b13e,77.49432005,5.544495969,4.383320855,1.569379604,-5.25679745,69.17529383,4.589596936,0.33299662,-3.924831695,-3.458439386,0.498498711,10.18878063,17.25375423,-32.05247017,80.49934565,1590.973454,-996.1775939,84.756245,-0.718211524,-0.530695669,-0.450038124,,,,,,,,,,,,,,,,,0.988055527,0,,,medium,high,17.55058892,-35.80571334,54.66700175,Braxton Waller,,Kcl bluecaps 2025,2022-11
23,6/10/2025,8:03:13 PM,1,2,Cole Mcclusky,,Right,Kcl bluecaps 2025,Luke Mcclure,,Left,Kcl groundsloths 2025,Windup,2,Top,0,1,0,Fastball,,BallCalled,,,,,,,77.24438419,0.899329004,-4.979225838,1956.283456,213.0314513,1:00,5.439043747,4.131388978,6.000000192,-29.95143017,17.99808432,8.999427185,3.782156881,0.241995182,69.10779037,-4.769254433,-3.27827323,0.49838347,,,,,,,,,,,,-6.560681399,9.430095459,-3.729994272,50,5.495242092,9.493852485,-111.8494457,0.927570069,-8.137823171,24.09482882,-20.47702535,KCL BlueCaps 2025,KCL GroundSloths 2025,,,,a7e2d5ec-5834-4283-8774-090d88d82cfa,a0ef0527-9038-404d-ab96-afb60a9051c9,77.48694644,5.439135056,4.137607297,0.896254535,-5.052847861,69.30333623,3.783213022,0.23717574,-4.751518386,-3.350621548,0.498150192,9.694385656,16.34224602,-38.19624913,86.22954967,1537.438027,-1209.681476,78.5897372,-0.658873938,-0.618356953,-0.428392126,,,,,,,,,,,,,,,,,0.994359148,0,,,medium,high,12.3934053,20.94127444,54.66700175,Braxton Waller,,Kcl bluecaps 2025,2022-11
24,6/10/2025,8:03:28 PM,1,3,Cole Mcclusky,,Right,Kcl bluecaps 2025,Luke Mcclure,,Left,Kcl groundsloths 2025,Windup,2,Top,0,2,0,Fastball,,Foul,,,,,,,77.59416187,-0.143302626,-4.562516183,1935.312614,216.3236838,1:15,5.467833529,3.653363857,6.000000192,-29.35090594,18.05848375,10.31208495,2.888316357,0.263344987,69.59402373,-5.693234492,-2.611936129,0.495568513,,,,,,,,,,,,-7.114676376,9.814966527,-3.286913194,50,5.439118604,8.68387964,-112.4447612,-1.105200164,-8.927572588,24.17739867,-19.85812382,KCL BlueCaps 2025,KCL GroundSloths 2025,,,,a7e2d5ec-5834-4283-8774-090d88d82cfa,dbf931cf-7e8c-4841-af84-7f164e1b817b,77.83111603,5.467940394,3.659874886,-0.146341957,-4.639477116,69.78404216,2.889302182,0.258340505,-5.676573972,-2.687562633,0.495343349,11.03778173,16.46722218,-32.74306427,85.00135251,1627.800129,-1046.757687,84.11044897,-0.677664008,-0.540872663,-0.498225104,,,,,,,,,,,,,,,,,0.995997241,0,,,medium,high,13.49878274,-11.39404076,54.66700175,Braxton Waller,,Kcl bluecaps 2025,2022-11
25,6/10/2025,8:03:51 PM,1,4,Cole Mcclusky,,Right,Kcl bluecaps 2025,Luke Mcclure,,Left,Kcl groundsloths 2025,Windup,2,Top,0,2,1,Fastball,,Foul,,,,,,,78.19303855,0.114042903,-4.010679979,1885.973113,218.7589287,1:15,5.456045194,3.430598491,6.000000192,-28.78318608,17.85389361,11.49513395,3.164594431,0.56750208,69.84714611,-5.292050731,-2.740490789,0.491515476,86.77559039,22.7302291,-49.6776505,,-83.80563704,71.25036983,32.62779589,248.7494862,,-49.65626085,2.813234979,-7.573810512,9.618426708,-3.110033263,50,5.448687249,7.625373215,-113.3911648,-0.587404303,-9.660032114,24.67054989,-19.90620756,KCL BlueCaps 2025,KCL GroundSloths 2025,,,,a7e2d5ec-5834-4283-8774-090d88d82cfa,62d9cf14-3331-49f2-9ee8-28c9d6bdc881,78.42682165,5.45616586,3.437128627,0.110890531,-4.089560558,70.03591914,3.165455886,0.562665418,-5.276418935,-2.818924563,0.491301544,12.24108373,16.2724972,-27.49371628,81.10249543,1672.974076,-870.6620044,88.70614665,-0.69171894,-0.461651334,-0.555340394,-61.02080782,51.79034341,33.52945615,-0.934702371,1.343358611,3.314049084,-189.5904788,161.0334041,,,,,,,,,0.996399117,0,,47.54892998,medium,high,17.00775412,-73.80220829,54.66700175,Braxton Waller,,Kcl bluecaps 2025,2022-11
26,6/10/2025,8:04:12 PM,1,5,Cole Mcclusky,,Right,Kcl bluecaps 2025,Luke Mcclure,,Left,Kcl groundsloths 2025,Windup,2,Top,0,2,2,Changeup,,BallCalled,,,,,,,72.06368025,0.142043836,-3.491728742,1342.35265,219.4637144,1:15,5.053904418,4.168535246,6.000000192,-37.31854152,17.51537407,11.63768694,2.076286241,1.889128471,64.80359098,-6.910589087,-1.285358768,0.532961886,,,,,,,,,,,,-7.472829521,9.425533678,-3.890506534,50,5.043879417,6.076958092,-104.5659586,-0.713255366,-8.106819355,20.95052965,-21.94885996,KCL BlueCaps 2025,KCL GroundSloths 2025,,,,a7e2d5ec-5834-4283-8774-090d88d82cfa,0e05e6c8-4ea6-4f5c-9112-fd0575b9d2b2,72.28604569,5.051744362,4.174307682,0.165876229,-3.56065317,64.97804254,2.079206433,1.884562027,-6.865010243,-1.354636138,0.532715625,12.28523447,15.39314931,-11.35560077,58.72883457,1316.074818,-264.3060933,98.04240471,-0.75691409,-0.196897658,-0.623147152,,,,,,,,,,,,,,,,,0.995343311,0,,,medium,high,37.14404889,-85.76798053,54.66700175,Braxton Waller,,Kcl bluecaps 2025,2022-11
27,6/10/2025,8:04:30 PM,1,6,Cole Mcclusky,,Right,Kcl bluecaps 2025,Luke Mcclure,,Left,Kcl groundsloths 2025,Windup,2,Top,0,3,2,Changeup,,BallCalled,Walk,,,,,,74.35707754,-1.241220147,-3.198894896,1359.331831,232.6084776,1:45,4.991966767,3.0422298,6.000000192,-38.00720932,13.49591519,12.90009801,0.669135966,1.141112378,67.08475526,-8.40154904,-0.751739977,0.51652139,,,,,,,,,,,,-8.058138955,7.719347593,-2.78886567,50,4.8686771,5.683439134,-107.8999524,-3.363898755,-9.306814327,22.33183168,-23.25852515,KCL BlueCaps 2025,KCL GroundSloths 2025,,,,a7e2d5ec-5834-4283-8774-090d88d82cfa,435bc3f7-4fd4-459f-a587-39afb83928a4,74.56949263,4.988846593,3.04954559,-1.205874643,-3.285710083,67.24714815,0.672659458,1.135443857,-8.34779482,-0.83725009,0.516299757,13.71561943,11.40049645,-24.99964255,49.48032585,1231.976605,-574.4707745,90.6310422,-0.550364517,-0.422612611,-0.720067691,,,,,,,,,,,,,,,,,0.593749677,0,,,medium,high,45.46770674,-77.98954213,54.66700175,Braxton Waller,,Kcl bluecaps 2025,2022-11
28,6/10/2025,8:04:57 PM,2,1,Cole Mcclusky,,Right,Kcl bluecaps 2025,Kaden Griswold,,Right,Kcl groundsloths 2025,Windup,2,Top,0,0,0,Fastball,,BallCalled,,,,,,,76.31515034,-2.423200502,-3.750669616,1908.962657,214.0618022,1:15,5.395800863,2.256398277,6.000000192,-28.80880731,20.10213537,10.93841606,0.736778957,-0.322903369,68.84988248,-7.842926043,-1.680235086,0.503355176,,,,,,,,,,,,-7.154156372,11.6695563,-1.956799937,50,5.181159856,6.949572467,-110.6215206,-5.487363279,-8.705744477,23.03948266,-17.97360861,KCL BlueCaps 2025,KCL GroundSloths 2025,,,,a7e2d5ec-5834-4283-8774-090d88d82cfa,d95ba3ea-0231-4ef4-9b97-d6c6239db238,76.53956468,5.39607706,2.262277899,-2.428054153,-3.821206369,69.03174365,0.737603092,-0.327560435,-7.828902987,-1.750541946,0.503133916,11.60209761,18.57545738,-19.51322318,77.52575351,1799.320292,-637.6401132,94.25644263,-0.780852338,-0.334024404,-0.527917913,,,,,,,,,,,,,,,,,0.997097365,0,,,medium,high,20.22682184,11.42071249,54.66700175,Braxton Waller,,Kcl bluecaps 2025,2022-11
29,6/10/2025,8:05:21 PM,2,2,Cole Mcclusky,,Right,Kcl bluecaps 2025,Kaden Griswold,,Right,Kcl groundsloths 2025,Windup,2,Top,0,1,0,Fastball,,StrikeCalled,,,,,,,76.21337652,-0.822622526,-5.226337131,1833.533813,213.8167405,1:15,5.563970072,3.087919367,6.000000192,-30.2305288,18.97641049,9.808975989,2.276974538,-0.965507375,68.49859793,-6.524835045,-3.374999198,0.504875968,,,,,,,,,,,,-7.051077231,10.53603846,-2.666713489,50,5.479150334,9.821903414,-110.3306065,-2.423237865,-8.526597844,23.10009883,-19.4332215,KCL BlueCaps 2025,KCL GroundSloths 2025,,,,a7e2d5ec-5834-4283-8774-090d88d82cfa,e6ab0083-0177-4530-a339-97cc2499b297,76.44608879,5.563943325,3.093918014,-0.824061828,-5.297569031,68.68592809,2.278077908,-0.970135154,-6.506185803,-3.44536537,0.504648457,10.48262699,17.35778903,-29.67969955,86.94797739,1592.987018,-907.875875,86.88070034,-0.721823883,-0.495150877,-0.483524447,,,,,,,,,,,,,,,,,0.996418124,0,,,medium,high,11.74682035,-22.93419989,54.66700175,Braxton Waller,,Kcl bluecaps 2025,2022-11
30,6/10/2025,8:05:38 PM,2,3,Cole Mcclusky,,Right,Kcl bluecaps 2025,Kaden Griswold,,Right,Kcl groundsloths 2025,Windup,2,Top,0,1,1,Fastball,,InPlay,,GroundBall,Out,1,0,,77.08969459,-1.107063679,-3.683121449,1833.891233,216.771836,1:15,5.365859597,3.547526815,6.000000192,-29.23084677,18.68763739,11.19249165,1.898799771,1.052441924,69.31905655,-6.627121845,-1.562789864,0.49822218,,,,,,,,,,,,-7.286441458,10.47668594,-3.253593654,50,5.258542637,6.885809564,-111.8212379,-2.980873172,-9.047244237,23.8031044,-19.16562332,KCL BlueCaps 2025,KCL GroundSloths 2025,,,,a7e2d5ec-5834-4283-8774-090d88d82cfa,f573dc63-472b-43ed-bb75-b892d7b323e9,77.32065088,5.365885538,3.553883086,-1.109023911,-3.758392921,69.50339431,1.899815664,1.047565199,-6.610138174,-1.636891778,0.497999195,11.90072793,17.09500911,-23.3143155,77.60873835,1684.149472,-725.8082475,91.83475231,-0.735619992,-0.39577497,-0.549750307,,,,,,,,,,,,,,,,,0.996718622,0,,,medium,high,20.15213549,10.98659474,54.66700175,Braxton Waller,,Kcl bluecaps 2025,2022-11
31,6/10/2025,8:06:45 PM,3,1,Cole Mcclusky,,Right,Kcl bluecaps 2025,Cameron Steinbaugh,,Right,Kcl groundsloths 2025,Windup,2,Top,1,0,0,Fastball,,Foul,,,,1,,,77.83284078,-0.753214428,-3.794967871,1906.916522,217.9722225,1:15,5.430100569,3.077567614,6.000000192,-28.94598261,18.08079171,11.16213298,2.316323741,0.475559494,69.90824026,-6.22442685,-1.680370445,0.49356473,91.53522246,2.934594231,-45.96603574,3497.411088,,,,72.29569501,,-47.84353904,0.559972256,-7.312521965,10.03168297,-2.774465457,50,5.351836289,7.17408671,-112.8931363,-2.302522308,-9.250914252,24.33495308,-19.48318323,KCL BlueCaps 2025,KCL GroundSloths 2025,,,,a7e2d5ec-5834-4283-8774-090d88d82cfa,823fad84-593a-44c8-bb87-f863f396d5ff,78.06522067,5.43017904,3.084120781,-0.7558385,-3.873107664,70.09477465,2.317280378,0.470540147,-6.208149479,-1.757530714,0.493346471,11.89864843,16.50901844,-27.94482631,91.22225375,1684.568654,-893.6213251,88.33992649,-0.696391714,-0.468621104,-0.543537342,-65.72092648,63.5412937,4.686231832,-0.78733012,2.885319111,2.463461406,-53.59387032,48.52179491,5.663561394,-10.50198385,-0.099683429,-0.180428111,-0.265118635,0.947184146,,,0.988797779,0,0.996385475,51.87827048,medium,high,7.899971627,20.47804431,54.66700175,Braxton Waller,,Kcl bluecaps 2025,2022-11
32,6/10/2025,8:07:22 PM,3,2,Cole Mcclusky,,Right,Kcl bluecaps 2025,Cameron Steinbaugh,,Right,Kcl groundsloths 2025,Windup,2,Top,2,0,1,Fastball,,BallCalled,,,,,,,,,,,,,,,,,,,,,,,,,,,,,,,,,,,,,,,,,,,,,,,KCL BlueCaps 2025,KCL GroundSloths 2025,,,,a7e2d5ec-5834-4283-8774-090d88d82cfa,def58f29-d2b3-41bf-8365-9bf4f22dc625,,,,,,,,,,,,,,,,,,,,,,,,,,,,,,,,,,,,,,,,,,,,,,,Braxton Waller,,Kcl bluecaps 2025,2019-02
33,6/10/2025,8:07:27 PM,3,3,Cole Mcclusky,,Right,Kcl bluecaps 2025,Cameron Steinbaugh,,Right,Kcl groundsloths 2025,Windup,2,Top,2,1,1,Fastball,,InPlay,,GroundBall,Out,1,0,,76.79505967,-1.130190884,-4.381735588,1871.208785,214.2085765,1:15,5.644397878,2.676560065,6.000000192,-29.59562541,18.76584542,9.867094029,2.124487591,-0.581497118,69.06144089,-6.714708939,-2.515497415,0.500519812,79.24557774,-6.449093579,-18.23730345,2283.296274,,,,16.40803782,,-14.60265536,0.139121452,-6.801607871,10.52582151,-2.324670832,50,5.534898663,8.254244295,-111.298884,-3.024145268,-8.36832659,23.54213502,-19.22365407,KCL BlueCaps 2025,KCL GroundSloths 2025,,,,a7e2d5ec-5834-4283-8774-090d88d82cfa,051d3da9-16fb-449c-af12-885be73a9ef4,77.02675154,5.644444707,2.682548844,-1.132375288,-4.453563681,69.24821553,2.125521214,-0.586180732,-6.697337774,-2.586439429,0.500295999,10.54488547,17.17236112,-29.79708289,65.20896349,1623.817679,-929.8593768,86.77907524,-0.717659852,-0.496929784,-0.487878188,-24.64323452,74.78868002,-8.900894662,0.738699226,0.926771828,2.155039006,-4.136699432,15.87801697,0.245697522,-1.009153839,-0.023280433,-0.859859017,-0.220973104,0.460231854,,,0.98845568,0,0.997130255,44.44106289,medium,high,31.31193286,-51.74529683,54.66700175,Braxton Waller,,Kcl bluecaps 2025,2022-11
34,6/10/2025,8:10:45 PM,1,1,Cooper Stolfa,,Right,Kcl groundsloths 2025,Jake Morrill,,Left,Kcl bluecaps 2025,Windup,2,Bottom,0,0,0,Fastball,,BallCalled,,,,,,,80.02544537,1.142232007,-5.58082511,2024.858894,214.3991755,1:15,5.785972326,3.170489526,6.000000192,-28.17351545,16.6074571,8.507385839,4.504959649,-1.323810854,71.49794696,-4.188559129,-3.975440548,0.48163527,,,,,,,,,,,,-6.50577796,8.594384919,-2.719386694,50,5.863161747,11.06520973,-115.7527967,1.506424884,-8.640038851,25.86848743,-20.76022328,KCL BlueCaps 2025,KCL GroundSloths 2025,,,,a7e2d5ec-5834-4283-8774-090d88d82cfa,43d5f19b-0415-455b-afb9-4a0b0959cf81,80.2761802,5.786095237,3.176762423,1.138964965,-5.654168025,71.69767723,4.505905224,-1.328516853,-4.172475335,-4.04633353,0.481411861,9.201525958,15.05636888,-44.44628483,23.388648,1445.56142,-1417.887768,71.39072378,-0.589060302,-0.700240284,-0.403325556,,,,,,,,,,,,,,,,,0.997514089,0,,,medium,high,68.9502168,7.255097428,54.66700175,Nolan Bowles,,Kcl groundsloths 2025,2022-11
35,6/10/2025,8:11:02 PM,1,2,Cooper Stolfa,,Right,Kcl groundsloths 2025,Jake Morrill,,Left,Kcl bluecaps 2025,Windup,2,Bottom,0,1,0,Fastball,,BallCalled,,,,,,,79.8839407,1.199542467,-5.192453425,2164.289688,205.8957521,12:45,5.590196727,4.279057955,6.000000192,-27.09333883,17.81831882,6.528828361,4.45202296,-0.015961365,71.34516347,-3.930218675,-3.959264061,0.482337541,,,,,,,,,,,,-5.313214188,9.229323626,-3.858723881,50,5.672649849,10.31841588,-115.6142946,1.650848486,-7.034543233,25.94117493,-19.95468975,KCL BlueCaps 2025,KCL GroundSloths 2025,,,,a7e2d5ec-5834-4283-8774-090d88d82cfa,8530db5a-283d-4d67-849d-36fb27db9668,80.13655711,5.590791902,4.284332446,1.190545775,-5.255008224,71.55010526,4.452615403,-0.019999778,-3.919467401,-4.020129315,0.482110058,7.120561309,16.28332186,-45.91356163,77.42884178,1505.788957,-1554.589808,69.5742795,-0.625883373,-0.718291002,-0.303855295,,,,,,,,,,,,,,,,,0.988469761,0,,,medium,high,20.3140424,51.29823684,54.66700175,Nolan Bowles,,Kcl groundsloths 2025,2022-11
36,6/10/2025,8:11:15 PM,1,3,Cooper Stolfa,,Right,Kcl groundsloths 2025,Jake Morrill,,Left,Kcl bluecaps 2025,Windup,2,Bottom,0,2,0,Fastball,,Foul,,,,,,,79.25575463,-0.206094617,-5.228983333,2121.442788,207.628388,1:00,5.570634699,3.276784908,6.000000192,-27.63851251,17.91909071,6.746112048,3.075080891,-1.03436046,71.03673534,-5.428238168,-3.955670459,0.485793787,101.5732361,23.54418174,50.36313934,3354.839864,90.24079634,62.90149956,37.70145074,297.4710545,,64.63429225,3.151732027,-5.421546596,9.762599964,-2.853580582,50,5.537772,10.30712998,-114.7332558,-1.204875284,-7.078510309,25.28724619,-19.42774864,KCL BlueCaps 2025,KCL GroundSloths 2025,,,,a7e2d5ec-5834-4283-8774-090d88d82cfa,6311273b-b23e-4bbb-a6f0-f16604be6841,79.50198151,5.57102187,3.282181744,-0.212328184,-5.292271149,71.23466418,3.07582737,-1.038397913,-5.415085523,-4.01676906,0.485569047,7.344715958,16.39609847,-44.48470414,93.70609366,1513.516915,-1486.534914,71.34375358,-0.632087053,-0.700718833,-0.330845999,71.71006621,59.40147446,40.57404984,0.530378274,1.321951415,2.871295562,268.7924217,127.4349336,33.58633741,-69.0597963,-0.130693515,0.227871325,0.187373376,-0.955492479,,,0.997364332,0,0.997133163,58.46091921,medium,high,5.664515704,-84.37056456,54.66700175,Nolan Bowles,,Kcl groundsloths 2025,2022-11
37,6/10/2025,8:11:41 PM,1,4,Cooper Stolfa,,Right,Kcl groundsloths 2025,Jake Morrill,,Left,Kcl bluecaps 2025,Windup,2,Bottom,0,2,1,Fastball,,StrikeCalled,,,,,,,76.55298354,-0.969282024,-5.313668104,1758.460061,212.6945609,1:00,5.551206998,2.791074911,6.000000192,-29.60620633,19.17746681,9.619790575,2.179204145,-1.359972709,68.81194595,-6.552168165,-3.498649137,0.502699868,,,,,,,,,,,,-6.976111939,10.69326001,-2.362585863,50,5.454737513,10.03949954,-110.8031304,-2.70156947,-8.509388913,23.27650859,-19.13052205,KCL BlueCaps 2025,KCL GroundSloths 2025,,,,a7e2d5ec-5834-4283-8774-090d88d82cfa,07369f68-fde8-4fcb-8015-452621e34921,76.78662752,5.551234434,2.796752861,-0.971304774,-5.381112972,69.00034046,2.18025818,-1.364423699,-6.534504171,-3.565436315,0.502471894,10.2570275,17.58426586,-26.95093033,29.27352404,1567.482515,-796.9820261,89.13950053,-0.75016422,-0.453227255,-0.481496312,,,,,,,,,,,,,,,,,0.976946947,0,,,medium,high,63.65382836,6.25799617,54.66700175,Nolan Bowles,,Kcl groundsloths 2025,2022-11
38,6/10/2025,8:12:08 PM,1,5,Cooper Stolfa,,Right,Kcl groundsloths 2025,Jake Morrill,,Left,Kcl bluecaps 2025,Windup,2,Bottom,0,2,2,Fastball,,BallCalled,,,,,,,80.3890164,1.170917414,-2.694777246,2089.098131,208.1571973,1:00,5.812183911,3.54667113,6.000000192,-27.42877374,16.67992562,6.979486659,4.616052329,1.621937764,71.82550397,-4.035764843,-1.369253441,0.478006331,,,,,,,,,,,,-4.704630581,8.62356169,-3.331042299,50,5.891822052,5.289675079,-116.691457,1.591152605,-6.341155128,26.56046651,-20.5507475,KCL BlueCaps 2025,KCL GroundSloths 2025,,,,a7e2d5ec-5834-4283-8774-090d88d82cfa,08086f2f-ff38-4b74-962e-6eed7e8955c2,80.63912132,5.812404391,3.552152814,1.166462412,-2.760358789,72.02812054,4.616915319,1.617756014,-4.021022085,-1.433185398,0.477782498,7.596598416,15.09621577,-45.1306676,18.81771019,1473.842698,-1480.580528,70.54923253,-0.6220017,-0.708717559,-0.332916365,,,,,,,,,,,,,,,,,0.996292306,0,,,medium,high,73.06406083,18.56719049,54.66700175,Nolan Bowles,,Kcl groundsloths 2025,2022-11
39,6/10/2025,8:12:29 PM,1,6,Cooper Stolfa,,Right,Kcl groundsloths 2025,Jake Morrill,,Left,Kcl bluecaps 2025,Windup,2,Bottom,0,3,2,Fastball,,BallCalled,Walk,,,,,,81.12036289,1.106127215,-4.815533135,2287.238139,207.7728417,1:00,5.370361916,4.676048344,6.000000192,-25.22256718,18.2721875,7.50577154,4.300278687,0.815435248,72.43543828,-3.672819289,-3.396162517,0.474668012,,,,,,,,,,,,-5.709891172,9.507330508,-4.287217228,50,5.446199894,9.677251498,-117.4763132,1.538368536,-7.806258304,26.75601164,-19.176135,KCL BlueCaps 2025,KCL GroundSloths 2025,,,,a7e2d5ec-5834-4283-8774-090d88d82cfa,12da8246-dde5-4215-89b9-04ab5ddc8ee3,81.37520708,5.371552694,4.681662668,1.090363994,-4.881398438,72.64128334,4.300387091,0.811231795,-3.669446877,-3.460062293,0.474445218,8.127821221,16.85604895,-42.96839848,87.80843155,1673.640174,-1558.969811,73.17297423,-0.647435898,-0.681594883,-0.340962129,,,,,,,,,,,,,,,,,0.994852886,0,,,medium,high,10.97241161,-36.21113231,54.66700175,Nolan Bowles,,Kcl groundsloths 2025,2022-11
40,6/10/2025,8:13:02 PM,2,1,Cooper Stolfa,,Right,Kcl groundsloths 2025,Michael Lucas,,Right,Kcl bluecaps 2025,Windup,2,Bottom,0,0,0,Fastball,,StrikeCalled,,,,,,,81.21893263,-1.217987348,-5.519612145,2213.833579,214.3428034,1:15,5.551459151,2.803693394,6.000000192,-25.24347596,18.14484237,9.230783316,2.310401863,-1.572895706,72.8965757,-5.98119882,-3.778877565,0.474086874,,,,,,,,,,,,-6.840397301,10.22014548,-2.358051462,50,5.437136359,11.08430926,-117.5043797,-3.250115178,-9.380696873,26.2403946,-18.15847673,KCL BlueCaps 2025,KCL GroundSloths 2025,,,,a7e2d5ec-5834-4283-8774-090d88d82cfa,e62d571b-e5d6-4e18-addd-3293ac47ba44,81.46027601,5.552384579,2.809690538,-1.230519881,-5.59084269,73.09373152,2.310625952,-1.57752721,-5.975949897,-3.849238565,0.473879426,9.905169294,16.82673286,-38.50067993,78.31853176,1732.547854,-1378.164376,78.26007657,-0.646175512,-0.622523928,-0.441498773,,,,,,,,,,,,,,,,,0.995670261,0,,,medium,high,19.51332142,47.21586608,54.66700175,Nolan Bowles,,Kcl groundsloths 2025,2022-11
41,6/10/2025,8:13:41 PM,2,2,Cooper Stolfa,,Right,Kcl groundsloths 2025,Michael Lucas,,Right,Kcl bluecaps 2025,Windup,2,Bottom,0,0,1,Fastball,,StrikeSwinging,,,,,,,79.86547346,0.140769773,-5.22536063,2145.450043,215.2773804,1:15,5.597486219,3.597845751,6.000000192,-27.03582989,17.81476031,9.634446427,3.475877057,-0.469209977,71.51029372,-4.972540736,-3.405892247,0.482009506,,,,,,,,,,,,-6.977159701,9.587787204,-3.176613102,50,5.593340035,10.29606319,-115.6195496,-0.49413909,-9.253902596,25.61445066,-19.45763593,KCL BlueCaps 2025,KCL GroundSloths 2025,,,,a7e2d5ec-5834-4283-8774-090d88d82cfa,3d77c738-10bb-40d6-aa64-50822868c2b2,80.10954074,5.598136681,3.604283876,0.131411554,-5.301131455,71.70723252,3.476394851,-0.474101016,-4.962872568,-3.480153233,0.481791561,10.35071887,16.3632664,-38.59790185,77.28329127,1676.762137,-1338.441116,78.15433143,-0.638025121,-0.623850982,-0.451368914,,,,,,,,,,,,,,,,,0.99530528,0,,,medium,high,20.44503786,52.93622746,54.66700175,Nolan Bowles,,Kcl groundsloths 2025,2022-11
42,6/10/2025,8:14:05 PM,2,3,Cooper Stolfa,,Right,Kcl groundsloths 2025,Michael Lucas,,Right,Kcl bluecaps 2025,Windup,2,Bottom,0,0,2,Fastball,,BallCalled,,,,,,,79.26468486,-0.235538634,-3.730606578,2154.610424,214.4688199,1:15,5.745706519,3.810121566,6.000000192,-28.35717593,17.01348054,8.743257686,3.163234202,1.066616211,71.07248315,-5.602169958,-2.073802263,0.484796029,,,,,,,,,,,,-5.994991989,9.28325629,-3.510878688,50,5.710061828,7.246526797,-114.9795125,-1.286273068,-7.859023113,25.44107675,-20.00433762,KCL BlueCaps 2025,KCL GroundSloths 2025,,,,a7e2d5ec-5834-4283-8774-090d88d82cfa,5ac6a5df-6f9c-482c-bda9-419e96d45603,79.50316233,5.745856489,3.816240924,-0.238992074,-3.804571524,71.26741609,3.164157103,1.061823635,-5.586382353,-2.147060934,0.48457932,9.440802381,15.46152398,-42.12614134,26.06080855,1598.009645,-1445.237438,74.16698755,-0.611458086,-0.670765082,-0.419753753,,,,,,,,,,,,,,,,,0.99408543,0,,,medium,high,66.54527231,-15.24732849,54.66700175,Nolan Bowles,,Kcl groundsloths 2025,2022-11
43,6/10/2025,8:14:28 PM,2,4,Cooper Stolfa,,Right,Kcl groundsloths 2025,Michael Lucas,,Right,Kcl bluecaps 2025,Windup,2,Bottom,0,1,2,Fastball,,BallCalled,,,,,,,80.37508196,-0.453499867,-6.555159014,2206.60283,215.0804089,1:15,5.365966432,3.289893461,6.000000192,-26.1849216,18.27442487,9.567169492,2.75962716,-2.031887318,72.02874472,-5.39297212,-4.756644655,0.479902552,,,,,,,,,,,,-7.373439413,10.03421225,-2.759150288,50,5.313602999,13.062134,-116.0834964,-1.683359284,-9.867933702,25.62356099,-18.74518204,KCL BlueCaps 2025,KCL GroundSloths 2025,,,,a7e2d5ec-5834-4283-8774-090d88d82cfa,d6fe2866-89f6-4c69-822d-3ea77bbac652,80.61807895,5.366842481,3.296140688,-0.465544283,-6.629076393,72.2259495,2.759918302,-2.036555811,-5.386473002,-4.829364456,0.479693696,10.27157079,16.91545371,-39.04656882,97.336823,1713.723229,-1390.053504,77.66342025,-0.635555711,-0.629951836,-0.446351456,,,,,,,,,,,,,,,,,0.997662919,0,,,medium,high,2.3968593,-37.78848288,54.66700175,Nolan Bowles,,Kcl groundsloths 2025,2022-11
44,6/10/2025,8:14:54 PM,2,5,Cooper Stolfa,,Right,Kcl groundsloths 2025,Michael Lucas,,Right,Kcl bluecaps 2025,Windup,2,Bottom,0,2,2,Fastball,,StrikeSwinging,Strikeout,,StrikeoutSwinging,1,0,,78.649322,0.439483325,-3.665423862,2058.011801,209.6840562,1:00,5.424648349,3.206776027,6.000000192,-29.36956956,16.73941822,7.037024658,3.386482397,0.381918054,70.43208731,-5.12379405,-2.331647821,0.488724731,,,,,,,,,,,,-5.058476923,8.906560899,-2.911874401,50,5.443526423,7.108586079,-114.0871954,0.042323732,-6.523958476,25.18914416,-20.68718618,KCL BlueCaps 2025,KCL GroundSloths 2025,,,,a7e2d5ec-5834-4283-8774-090d88d82cfa,3be09b78-70ac-4898-a3e6-3c54070e49f1,78.89130815,5.424461929,3.212354605,0.439886031,-3.732587262,70.62733787,3.387612498,0.377911711,-5.103724874,-2.397022123,0.488507644,7.674191266,15.08642476,-45.91404926,26.85371371,1431.834302,-1478.263545,69.57366817,-0.604434707,-0.718296923,-0.344540586,,,,,,,,,,,,,,,,,0.996557359,0,,,medium,high,65.83165766,13.09337525,54.66700175,Nolan Bowles,,Kcl groundsloths 2025,2022-11
45,6/10/2025,8:15:25 PM,3,1,Cooper Stolfa,,Right,Kcl groundsloths 2025,Trey Schilling,,Right,Kcl bluecaps 2025,Windup,2,Bottom,1,0,0,Curveball,,BallCalled,,,,,1,,65.78571601,2.481756916,-6.501559881,,,,2.983439683,3.239989481,6.000000192,,,,0.048682957,-2.828588398,59.26110568,-9.370954801,-6.501559881,,,,,,,,,,,,,,,,,,,,,,,,KCL BlueCaps 2025,KCL GroundSloths 2025,,,,a7e2d5ec-5834-4283-8774-090d88d82cfa,da974ba2-a7cf-4d32-8618-363c4be58cc2,65.97169709,2.972628808,3.239989481,2.607623063,-6.501559881,59.38063442,0.0583564,-2.828588398,-9.224802818,-6.501559881,0.588223876,,,,,,,,,,,,,,,,,,,,,,,,,,,,0,,,low,high,,,54.66700175,Nolan Bowles,,Kcl groundsloths 2025,2022-11
46,6/10/2025,8:15:53 PM,3,2,Cooper Stolfa,,Right,Kcl groundsloths 2025,Trey Schilling,,Right,Kcl bluecaps 2025,Windup,2,Bottom,1,1,0,Fastball,,BallCalled,,,,,,,81.9712479,2.103362078,4.285223955,2237.520664,213.374213,1:00,5.303716498,-2.966281286,6.000000192,-25.47484844,17.53406244,9.246398071,4.962928717,0.345204548,72.75384817,-3.033967046,-2.981505353,0.470847108,,,,,,,,,,,,-3.48246103,7.499442888,2.611241443,50,5.459735461,-9.166409028,-118.6917054,3.560567086,-4.831776003,28.51412846,-21.76887122,KCL BlueCaps 2025,KCL GroundSloths 2025,,,,a7e2d5ec-5834-4283-8774-090d88d82cfa,fe379f8c-a227-498a-93ac-8645b7c914aa,82.22454377,5.303851865,-2.959575811,2.100259866,4.204858739,72.95978585,4.963112311,0.340574017,-3.02943346,-3.054741292,0.470614729,9.950664174,16.11135864,-41.17094391,89.8234836,1684.291096,-1472.977333,75.27488454,-0.628617198,-0.658307812,-0.414090863,,,,,,,,,,,,,,,,,0.997465793,0,,,medium,high,9.158864757,-66.00626811,54.66700175,Nolan Bowles,,Kcl groundsloths 2025,2022-11
47,6/10/2025,8:16:09 PM,3,3,Cooper Stolfa,,Right,Kcl groundsloths 2025,Trey Schilling,,Right,Kcl bluecaps 2025,Windup,2,Bottom,1,2,0,Fastball,,BallCalled,,,,,,,79.13181703,3.134909048,-2.534926552,2155.850267,202.0684645,12:45,5.623016589,3.309718761,6.000000192,-27.53106462,18.17212766,6.290881409,6.248093355,1.476475804,70.36711915,-2.097697535,-1.338917867,0.486569397,,,,,,,,,,,,-4.292288226,8.741279459,-3.106733968,50,5.862982724,4.899456419,-114.7188471,5.504343446,-5.581011161,26.02944704,-20.80827551,KCL BlueCaps 2025,KCL GroundSloths 2025,,,,a7e2d5ec-5834-4283-8774-090d88d82cfa,9ad42b1f-fc15-40dc-be97-0a2f806fb74f,79.38970862,5.623812274,3.314899027,3.123386084,-2.59692865,70.57830625,6.248608563,1.472462232,-2.088177851,-1.399803515,0.486327918,6.873436395,16.50896811,-43.4022541,90.76631619,1566.327912,-1481.319427,72.65476348,-0.673317532,-0.6871161,-0.272974297,,,,,,,,,,,,,,,,,0.996582941,0,,,medium,high,8.31031543,87.96760255,54.66700175,Nolan Bowles,,Kcl groundsloths 2025,2022-11
48,6/10/2025,8:16:28 PM,3,4,Cooper Stolfa,,Right,Kcl groundsloths 2025,Trey Schilling,,Right,Kcl bluecaps 2025,Windup,2,Bottom,1,3,0,Fastball,,BallCalled,Walk,,Walk,0,0,,78.28634104,0.410062407,-3.704001621,2111.21612,207.6101197,1:00,5.552767878,3.662075477,6.000000192,-28.60330634,17.93209247,7.076297356,3.551072586,0.804487607,70.10260276,-5.008129992,-2.362963014,0.490979368,,,,,,,,,,,,-5.091272984,9.561726266,-3.364041684,50,5.569687349,7.151208857,-113.5572451,0.005312455,-6.506310319,24.92905718,-19.95479549,KCL BlueCaps 2025,KCL GroundSloths 2025,,,,a7e2d5ec-5834-4283-8774-090d88d82cfa,66102fad-d087-41cc-bae6-11972164cc64,78.53007959,5.553046041,3.667559694,0.404867698,-3.769663704,70.30047277,3.551940784,0.800271711,-4.993173565,-2.427136087,0.490750764,7.695330988,16.32008227,-42.77206045,79.91340831,1549.761614,-1433.691894,73.40610935,-0.650467491,-0.679083434,-0.340202487,,,,,,,,,,,,,,,,,0.995289252,0,,,medium,high,18.07793252,32.06430962,54.66700175,Nolan Bowles,,Kcl groundsloths 2025,2022-11
49,6/10/2025,8:17:49 PM,4,1,Cooper Stolfa,,Right,Kcl groundsloths 2025,Andrew Schweigert,,Right,Kcl bluecaps 2025,Windup,2,Bottom,1,0,0,Fastball,,BallCalled,,,,,,,80.30694771,0.87735161,-3.191911731,2176.375036,211.4234345,1:00,5.690765995,2.964815508,6.000000192,-27.62213831,16.58741007,7.794374873,4.205656849,0.644731475,71.80396176,-4.362192228,-1.712881329,0.478552469,,,,,,,,,,,,-5.31161401,8.674677059,-2.709058565,50,5.746370914,6.272672434,-116.5351168,0.98593408,-7.143858672,26.3848394,-20.50703711,KCL BlueCaps 2025,KCL GroundSloths 2025,,,,a7e2d5ec-5834-4283-8774-090d88d82cfa,1dab22cb-dbf1-4d0d-8557-83fadfa9941a,80.55556645,5.691001099,2.970792786,0.872704543,-3.262926894,72.00399116,4.206510048,0.640192194,-4.347623399,-1.781793442,0.478329755,8.46270712,15.02628129,-45.22872693,83.21245168,1532.773824,-1545.060744,70.42783522,-0.600987219,-0.709923941,-0.367181645,,,,,,,,,,,,,,,,,0.988236538,0,,,medium,high,15.10879349,75.82474724,54.66700175,Nolan Bowles,,Kcl groundsloths 2025,2022-11
50,6/10/2025,8:18:10 PM,4,3,Cooper Stolfa,,Right,Kcl groundsloths 2025,Andrew Schweigert,,Right,Kcl bluecaps 2025,Windup,2,Bottom,2,2,0,Fastball,,BallCalled,,,,0,0,,79.13731055,-2.470760157,-4.314342764,2107.464885,216.3699266,1:15,5.531215787,2.752323536,6.000000192,-28.48933505,17.09853542,8.84123653,0.852841587,-0.528225207,71.32582769,-7.829484026,-2.6424566,0.485955135,,,,,,,,,,,,-6.220157164,10.0708364,-2.405362005,50,5.312743162,8.394358709,-114.621728,-5.775023345,-8.119139254,24.91124194,-19.02863847,KCL BlueCaps 2025,KCL GroundSloths 2025,,,,a7e2d5ec-5834-4283-8774-090d88d82cfa,bcf48f02-a367-4bfe-b856-ebd2e9dded4a,79.36731228,5.531126233,2.758375141,-2.471106716,-4.387177702,71.51274041,0.853901887,-0.53292735,-7.811646218,-2.714248158,0.485746391,9.529201536,15.60734791,-40.81668658,87.48276196,1594.939372,-1377.52555,75.68047199,-0.609383066,-0.653641045,-0.448782423,,,,,,,,,,,,,,,,,0.995109501,0,,,medium,high,11.26551423,13.28915187,54.66700175,Nolan Bowles,,Kcl groundsloths 2025,2022-11
51,6/10/2025,8:18:39 PM,4,3,Cooper Stolfa,,Right,Kcl groundsloths 2025,Andrew Schweigert,,Right,Kcl bluecaps 2025,Windup,2,Bottom,2,2,0,Fastball,,StrikeCalled,,,,,,,79.33311953,-0.965155568,-4.074330201,2166.506136,216.4736244,1:15,5.281767896,3.151443575,6.000000192,-27.26856844,18.02648463,10.22522201,2.110019786,0.210493141,71.24139428,-6.117982733,-2.138587803,0.484391941,,,,,,,,,,,,-6.898335026,10.07307144,-2.824936121,50,5.187142068,7.899922525,-115.0252738,-2.725133322,-9.060870918,25.23741841,-18.9432048,KCL BlueCaps 2025,KCL GroundSloths 2025,,,,a7e2d5ec-5834-4283-8774-090d88d82cfa,af68fd13-bfb6-4fc0-9261-bd009ccbe54f,79.57159058,5.282348617,3.158109037,-0.973558199,-4.152643457,71.43107136,2.110583739,0.205508191,-6.107728326,-2.214368874,0.484175566,10.96334068,16.5739219,-35.21851971,93.19344742,1769.945673,-1249.416325,81.69585323,-0.656941352,-0.576696416,-0.485643185,,,,,,,,,,,,,,,,,0.992755434,0,,,medium,high,6.125897324,-39.64562903,54.66700175,Nolan Bowles,,Kcl groundsloths 2025,2022-11
52,6/10/2025,8:18:58 PM,4,4,Cooper Stolfa,,Right,Kcl groundsloths 2025,Andrew Schweigert,,Right,Kcl bluecaps 2025,Windup,2,Bottom,2,2,1,Fastball,,InPlay,,Popup,Out,1,0,,79.73190364,-1.173025873,-3.119606667,2194.611973,215.1360214,1:15,5.507373815,2.416887931,6.000000192,-27.50885458,17.27131417,9.112082905,2.122995792,0.274017056,71.63349897,-6.371822956,-1.391621817,0.481630948,95.37062622,52.81055252,-17.35435115,,-32.39182822,105.1226401,111.6244029,305.2755766,,-17.27200786,5.665843625,-5.981347042,9.737728632,-2.167808372,50,5.39573641,6.043561806,-115.7119375,-3.166475496,-7.945551728,25.66219302,-19.23856431,KCL BlueCaps 2025,KCL GroundSloths 2025,,,,a7e2d5ec-5834-4283-8774-090d88d82cfa,1fd76f68-eadc-4ff1-a6a0-8fbd0ab92612,79.96880254,5.507682942,2.423108359,-1.178337557,-3.194311037,71.82506442,2.123763637,0.269185987,-6.358643745,-1.464791702,0.481416748,9.815156788,15.78076498,-39.72683944,73.58531816,1687.876605,-1402.638328,76.91002445,-0.628960993,-0.639128167,-0.44263219,-17.19497333,55.02281329,75.97617558,-0.427147222,3.543529276,3.00509323,-90.6388786,291.5094705,,,,,,,,,0.996798243,0,,53.90539236,medium,high,23.77321366,46.68279113,54.66700175,Nolan Bowles,,Kcl groundsloths 2025,2022-11
53,6/10/2025,8:19:33 PM,1,1,Cooper Stolfa,,Right,Kcl groundsloths 2025,Riley Hendren,,Right,Kcl bluecaps 2025,Windup,2,Bottom,0,0,0,Fastball,,InPlay,,Popup,Out,3,0,,79.58994007,0.016736319,-5.133733603,2047.842834,214.9089001,1:15,5.63973418,3.309016793,6.000000192,-27.3190726,17.82634447,9.528744043,3.378761957,-0.680990136,71.29317016,-5.149388738,-3.333903988,0.483591164,,,,,,,,,,,,-6.8876819,9.635871318,-2.89524801,50,5.62527752,10.07932874,-115.2382695,-0.751205939,-9.075726424,25.43179334,-19.4771026,KCL BlueCaps 2025,KCL GroundSloths 2025,,,,a7e2d5ec-5834-4283-8774-090d88d82cfa,b3b84d90-b3b0-4d20-8c93-8035b859d929,79.83326114,5.64023853,3.315281407,0.008999709,-5.207854022,71.48889132,3.379383636,-0.685784505,-5.138178455,-3.406423909,0.483372561,10.22945032,16.35169862,-37.30737244,79.92188079,1628.844967,-1241.178612,79.53954962,-0.65227441,-0.606090756,-0.455183578,,,,,,,,,,,,,,,,,0.988133681,0,,,medium,high,18.07030729,2.188207626,54.66700175,Nolan Bowles,,Kcl groundsloths 2025,2022-11
54,6/10/2025,8:21:45 PM,1,1,Cole Mcclusky,,Right,Kcl bluecaps 2025,Gabe Peters,,Right,Kcl groundsloths 2025,Windup,3,Top,0,0,0,Fastball,,Foul,,,,,,,76.60464813,-0.613483839,-4.473228058,1913.202642,210.0092862,1:00,5.298157161,2.883395344,6.000000192,-28.60624613,20.01001738,9.168019961,2.342371236,-0.518460337,68.78699012,-6.017855351,-2.739471603,0.501836576,58.70009941,49.61624707,33.32425176,,60.43023821,91.91401585,53.49527744,166.7896953,,33.32376599,3.743474471,-6.459412319,11.02706992,-2.523602106,50,5.23145178,8.431479355,-111.0217707,-1.984734637,-7.904975248,23.48944444,-18.67921283,KCL BlueCaps 2025,KCL GroundSloths 2025,,,,a7e2d5ec-5834-4283-8774-090d88d82cfa,21160a7b-26c3-4723-949a-bdaedba44eee,76.8405564,5.298713827,2.88895391,-0.621917727,-4.539453756,68.97870973,2.343026733,-0.522819383,-6.006162707,-2.805128762,0.501605393,9.792193408,18.44415598,-27.44715931,80.52279482,1697.845472,-881.8532215,88.74362988,-0.768470453,-0.46093038,-0.443842705,20.89390248,31.77860554,44.7131607,0.537175746,0.729761775,2.167647829,91.62916471,139.3660598,,,,,,,,,0.99141284,0,,25.07481535,medium,high,17.52948467,-60.05377993,54.66700175,Braxton Waller,,Kcl bluecaps 2025,2022-11
55,6/10/2025,8:22:21 PM,2,1,Cole Mcclusky,,Right,Kcl bluecaps 2025,Gabe Peters,,Right,Kcl groundsloths 2025,Windup,3,Top,0,0,0,Fastball,,InPlay,,FlyBall,Single,0,0,,77.68325122,1.623752816,-2.920198918,,,,4.267665024,2.340788673,6.000000192,,,,2.052168052,-0.375578186,69.62741592,-6.846489227,-2.920198918,,65.02919634,34.30792436,27.34129067,,50.52788765,97.70840583,39.19568073,192.9758426,,27.3432985,3.088030816,,,,,,,,,,,,KCL BlueCaps 2025,KCL GroundSloths 2025,,,,a7e2d5ec-5834-4283-8774-090d88d82cfa,a3bd673c-c592-4c5a-b0ee-0490930d78b3,77.89861603,4.260142551,2.340788673,1.712723892,-2.920198918,69.78626418,2.059175117,-0.375578186,-6.741177847,-2.920198918,0.495139587,,,,,,,,,,,24.67095472,47.71469814,36.6530756,0.395679043,0.718759144,1.976863761,88.63784791,171.4147245,,,,,,,,,,0,,31.70403255,low,high,,,54.66700175,Braxton Waller,,Kcl bluecaps 2025,2022-11
56,6/10/2025,8:22:59 PM,2,1,Cole Mcclusky,,Right,Kcl bluecaps 2025,Clint Goodman,,Right,Kcl groundsloths 2025,Windup,3,Top,0,0,0,Fastball,,InPlay,,LineDrive,Double,0,0,,76.99837471,-0.03307962,-4.948766181,1862.370789,211.1862511,1:00,5.402965072,3.809203198,6.000000192,-28.57981494,19.6170578,9.489135187,2.990454677,-0.010859023,69.02819729,-5.436161183,-3.155826533,0.499667327,84.80428842,17.89460296,-36.3819706,2078.133531,-70.96144469,84.05042151,21.10753369,202.606927,,-44.20126156,2.148716865,-6.799370427,10.62054378,-3.410596344,50,5.383701227,9.39230561,-111.5196378,-0.859519866,-8.392652916,23.76938316,-19.06481562,KCL BlueCaps 2025,KCL GroundSloths 2025,,,,a7e2d5ec-5834-4283-8774-090d88d82cfa,6d15be08-f9b5-49ce-bc01-cd0bc0f98a74,77.23452268,5.403461017,3.814722294,-0.040779445,-5.015618435,69.22152006,2.99110726,-0.015056622,-5.4239647,-3.222782025,0.499446064,10.12378577,18.04483335,-27.45640548,78.96819482,1652.596889,-858.6899769,88.73619041,-0.759127943,-0.461073585,-0.459495284,-47.86949506,64.97139732,26.0575576,-0.051479707,1.976394832,3.040629502,-141.2536773,145.247945,-16.72225684,-25.62151866,-0.131670614,0.074011808,-0.27193326,0.959465765,,,0.99717769,0,0.993858533,47.73901448,medium,high,18.92862467,5.007861118,54.66700175,Braxton Waller,,Kcl bluecaps 2025,2022-11
57,6/10/2025,8:23:44 PM,3,1,Cole Mcclusky,,Right,Kcl bluecaps 2025,Nolan Bowles,,Right,Kcl groundsloths 2025,Windup,3,Top,0,0,0,Fastball,,StrikeCalled,,,,,,,76.95537329,-1.130803055,-4.645654164,1976.856912,214.1433281,1:15,5.439329854,3.434015496,6.000000192,-28.84004211,19.34409275,10.25672443,1.981430609,-0.038385764,69.1878825,-6.572648868,-2.706945552,0.499601295,,,,,,,,,,,,-7.09711897,10.83732653,-3.060722045,50,5.330181495,8.774475894,-111.4925989,-3.01054857,-8.764594101,23.57687188,-18.79048245,KCL BlueCaps 2025,KCL GroundSloths 2025,,,,a7e2d5ec-5834-4283-8774-090d88d82cfa,42fea2d5-8bac-4db5-9022-711377f02f6e,77.18681638,5.439716079,3.440146135,-1.13707939,-4.718669834,69.37563225,1.98217551,-0.043069673,-6.559366245,-2.779408065,0.499380175,10.94673593,17.80878313,-28.57698397,79.85748476,1736.026705,-945.6080207,87.81751956,-0.726809522,-0.478339133,-0.492889026,,,,,,,,,,,,,,,,,0.997181457,0,,,medium,high,18.12826372,62.94238912,54.66700175,Braxton Waller,,Kcl bluecaps 2025,2022-11
58,6/10/2025,8:24:08 PM,3,2,Cole Mcclusky,,Right,Kcl bluecaps 2025,Nolan Bowles,,Right,Kcl groundsloths 2025,Windup,3,Top,0,0,1,Fastball,,StrikeCalled,,,,,,,77.36337036,-1.52665535,-4.292206217,1876.964313,213.4062509,1:00,5.333698764,2.671170032,6.000000192,-28.0721489,19.56460391,10.29440826,1.571161611,-0.467591001,69.60831192,-6.821114502,-2.345114636,0.496755401,,,,,,,,,,,,-6.995792532,11.08709133,-2.326865466,50,5.192684956,8.126980089,-112.1215347,-3.782354004,-8.739224905,23.80087859,-18.32392692,KCL BlueCaps 2025,KCL GroundSloths 2025,,,,a7e2d5ec-5834-4283-8774-090d88d82cfa,446395b8-62fa-43ce-9955-35a71872f944,77.59628882,5.334114459,2.677080121,-1.533174091,-4.362020991,69.79436101,1.571860831,-0.472074107,-6.808805894,-2.413477493,0.496533459,10.95277283,18.05733418,-23.72983146,74.71962091,1718.272969,-755.3363726,91.54531907,-0.764209156,-0.402424472,-0.504022727,,,,,,,,,,,,,,,,,0.926244974,0,,,medium,high,22.75234118,12.50635857,54.66700175,Braxton Waller,,Kcl bluecaps 2025,2022-11
59,6/10/2025,8:24:33 PM,3,3,Cole Mcclusky,,Right,Kcl bluecaps 2025,Nolan Bowles,,Right,Kcl groundsloths 2025,Windup,3,Top,0,0,2,Changeup,,Foul,,,,,,,73.94535799,-0.98162937,-3.354998112,1437.80897,213.7876014,1:15,5.492905307,2.950760282,6.000000192,-33.58643521,18.46111209,9.881292333,1.780059701,0.652518663,66.60258444,-7.318216512,-1.482266548,0.519244203,,,,,,,,,,,,-6.469119554,10.31292053,-2.682894554,50,5.393336362,6.025782731,-107.3010833,-2.740740588,-7.394870824,21.94687847,-20.38531783,KCL BlueCaps 2025,KCL GroundSloths 2025,,,,a7e2d5ec-5834-4283-8774-090d88d82cfa,13233ddd-0db2-4df9-ab74-27385f2bc569,74.17321327,5.491679772,2.956208306,-0.96894344,-3.419133475,66.78075116,1.782120164,0.648404765,-7.285470808,-1.545062139,0.519004207,10.48433882,16.57200575,-17.81013301,40.27665349,1368.902426,-439.7735589,95.20753134,-0.791274392,-0.305863691,-0.529464106,,,,,,,,,,,,,,,,,0.989004265,0,,,medium,high,53.75101186,68.53060386,54.66700175,Braxton Waller,,Kcl bluecaps 2025,2022-11
60,6/10/2025,8:24:56 PM,3,4,Cole Mcclusky,,Right,Kcl bluecaps 2025,Nolan Bowles,,Right,Kcl groundsloths 2025,Windup,3,Top,0,0,2,Fastball,,InPlay,,LineDrive,Single,0,1,,78.29994752,1.421330071,-5.340195964,1986.435963,210.9952747,1:00,5.368173247,3.386587555,6.000000192,-27.47356591,19.27698971,9.348048511,4.405715186,-0.811974412,69.9073888,-3.780366175,-3.574570735,0.492113083,88.53495754,16.7664902,-3.452016383,1286.567243,-3.338374553,109.9493304,28.81162949,279.4083821,,0.034666782,3.141246443,-6.878634486,9.943349425,-2.955750592,50,5.468575112,10.32590383,-113.2898042,2.047777789,-8.750273234,24.78616762,-19.52516927,KCL BlueCaps 2025,KCL GroundSloths 2025,,,,a7e2d5ec-5834-4283-8774-090d88d82cfa,c99bc5f7-a0d5-4845-9356-12b3aadf0405,78.5477054,5.369076528,3.392513086,1.408611918,-5.41041317,70.10903609,4.406097814,-0.816606343,-3.772777776,-3.644183355,0.491880814,10.01140544,17.73819134,-32.50730646,82.08417985,1675.206974,-1067.524907,84.33229188,-0.722904648,-0.537407159,-0.434283795,-5.104294611,84.61738171,25.53984328,0.749837451,1.938380423,4.548824577,0.16905589,279.4083309,12.5989195,59.53425114,0.863950511,0.916246774,0.205967497,-0.343612048,,,0.993779482,0,0.993509778,51.69284836,medium,high,16.12423813,21.92509919,54.66700175,Braxton Waller,,Kcl bluecaps 2025,2022-11
61,6/10/2025,8:25:53 PM,4,1,Cole Mcclusky,,Right,Kcl bluecaps 2025,Lucas Rink,,Left,Kcl groundsloths 2025,Windup,3,Top,0,0,0,Changeup,,BallCalled,,,,,,,72.08345831,0.503631226,-2.236288209,1457.697643,214.2932319,1:15,5.297216139,3.494245581,6.000000192,-35.55792804,19.1739645,10.86006023,2.802495811,2.31980249,64.72980366,-6.228284968,-0.173711882,0.532465845,,,,,,,,,,,,-6.635217889,10.20163635,-3.318283145,50,5.31769007,3.805248933,-104.6992705,-0.006551005,-7.20997754,21.14982617,-21.08872123,KCL BlueCaps 2025,KCL GroundSloths 2025,,,,a7e2d5ec-5834-4283-8774-090d88d82cfa,a62bec3a-02d3-4cf7-b2eb-c99ddaa9877f,72.31219543,5.295852897,3.499631546,0.517757877,-2.300180717,64.90993004,2.804805173,2.315597063,-6.191852331,-0.237533954,0.532209811,11.45865701,17.08624728,-8.144935268,26.68140111,1442.993627,-206.5231532,98.99128487,-0.817831206,-0.141677634,-0.557745073,,,,,,,,,,,,,,,,,0.988637503,0,,,medium,high,65.98673901,65.56826308,54.66700175,Braxton Waller,,Kcl bluecaps 2025,2022-11
62,6/10/2025,8:26:40 PM,4,2,Cole Mcclusky,,Right,Kcl bluecaps 2025,Lucas Rink,,Left,Kcl groundsloths 2025,Windup,3,Top,0,1,0,Fastball,,BallCalled,,,,,,,77.27666346,-1.243061029,-4.14876832,1943.538894,217.4394698,1:15,5.277331445,3.500149724,6.000000192,-28.71468866,19.01105968,11.67606442,1.725930448,0.610563021,69.49325923,-6.663102586,-1.938946177,0.497219206,,,,,,,,,,,,-7.69840775,10.6947068,-3.168392347,50,5.159145914,7.799641425,-112.0279977,-3.240167017,-9.598399538,23.80933152,-18.83985476,KCL BlueCaps 2025,KCL GroundSloths 2025,,,,a7e2d5ec-5834-4283-8774-090d88d82cfa,cc483149-c1fb-4b65-9a62-3d023a771ac3,77.50544403,5.277591535,3.506602352,-1.247768984,-4.22618688,69.67836851,1.72675721,0.605475722,-6.648905312,-2.016115705,0.497000809,12.40564167,17.47641525,-23.24446368,76.51070534,1785.780573,-767.0274933,91.88293473,-0.729546849,-0.394655078,-0.558577448,,,,,,,,,,,,,,,,,0.954252805,0,,,medium,high,21.14036519,-87.11854759,54.66700175,Braxton Waller,,Kcl bluecaps 2025,2022-11
63,6/10/2025,8:26:58 PM,4,3,Cole Mcclusky,,Right,Kcl bluecaps 2025,Lucas Rink,,Left,Kcl groundsloths 2025,Windup,3,Top,0,2,0,Fastball,,BallCalled,,,,,,,75.51607127,1.645577308,-4.721606946,1952.872532,211.8484923,1:00,5.284497288,3.76724183,6.000000192,-31.32275287,18.86196396,9.267060877,4.209286766,0.141304751,67.46791218,-4.287705004,-2.968388395,0.509867419,,,,,,,,,,,,-6.625743187,9.642250086,-3.387135011,50,5.40090514,8.779536485,-109.3529108,2.299050071,-7.85143155,23.12744447,-20.74809111,KCL BlueCaps 2025,KCL GroundSloths 2025,,,,a7e2d5ec-5834-4283-8774-090d88d82cfa,e8b2ee53-1255-46eb-a73f-35fa2fc11ad9,75.75855924,5.284643311,3.773534896,1.641648613,-4.796490559,67.66367334,4.210381787,0.136396661,-4.269244679,-3.042285178,0.509623413,9.973591834,17.10241259,-35.35023327,85.09490725,1592.822682,-1129.87921,81.56306447,-0.692834515,-0.578572944,-0.43038783,,,,,,,,,,,,,,,,,0.987363577,0,,,medium,high,13.41458348,2.35681196,54.66700175,Braxton Waller,,Kcl bluecaps 2025,2022-11
64,6/10/2025,8:27:13 PM,4,4,Cole Mcclusky,,Right,Kcl bluecaps 2025,Lucas Rink,,Left,Kcl groundsloths 2025,Windup,3,Top,0,3,0,Fastball,,InPlay,,FlyBall,Sacrifice,1,1,,77.30851975,0.232311061,-5.552889715,1999.243047,214.47738,1:15,5.268911525,3.29189827,6.000000192,-29.36861408,19.18869033,10.36187841,3.071696415,-0.995714197,68.7839035,-5.256001476,-3.54182361,0.498105151,80.72944636,45.4869037,9.209770931,,18.13046277,108.495559,78.74133909,265.2742926,,9.324693303,4.540750143,-7.456369592,10.26126751,-2.844155953,50,5.271247456,10.58692854,-111.8609821,-0.347258297,-9.26187173,23.8785849,-19.42809563,KCL BlueCaps 2025,KCL GroundSloths 2025,,,,a7e2d5ec-5834-4283-8774-090d88d82cfa,0581b569-3bd6-4098-b827-c8b927f09641,77.54848801,5.269445145,3.298314499,0.224120691,-5.628572768,68.97550103,3.072420186,-1.000495189,-5.242760221,-3.616711185,0.497876584,11.08183663,17.60913928,-31.07685582,84.59652873,1712.303012,-1031.984088,85.64756618,-0.706035487,-0.516187409,-0.484834457,9.058351338,55.86758168,57.56737876,0.944758068,2.23611145,3.058882719,42.98216035,261.768952,,,,,,,,,0.994449976,0,,43.78045377,medium,high,13.86312414,-6.516240896,54.66700175,Braxton Waller,,Kcl bluecaps 2025,2022-11
65,6/10/2025,8:27:58 PM,5,1,Cole Mcclusky,,Right,Kcl bluecaps 2025,Brandon Schultz,,Left,Kcl groundsloths 2025,Windup,3,Top,1,0,0,Fastball,,InPlay,,LineDrive,Single,0,0,,77.55728248,-0.102770182,-3.987482379,1969.297731,213.832562,1:15,5.268798747,2.484181916,6.000000192,-28.26230692,19.13095294,10.28206077,2.81786055,-0.3709153,69.54072089,-5.451167012,-2.040102628,0.495484204,90.86246544,14.88956732,30.08434742,,53.74846502,95.97448884,18.43138545,211.2999076,,29.65004805,2.048757116,-6.907081114,10.38196323,-2.164813935,50,5.244036104,7.551903927,-112.4740344,-0.994831705,-8.669528299,24.23427278,-19.14296996,KCL BlueCaps 2025,KCL GroundSloths 2025,,,,a7e2d5ec-5834-4283-8774-090d88d82cfa,39cb93a5-4cdd-4e24-9b01-2b3ab1ee53cd,77.79406422,5.269343432,2.490335989,-0.111070698,-4.060955598,69.73202226,2.818477707,-0.375557314,-5.439848675,-2.112718348,0.495261804,10.97598996,17.57509322,-28.34180764,86.2939581,1733.240343,-934.8858031,88.01311839,-0.731096972,-0.474730554,-0.490028691,44.01768721,75.98232891,23.34773078,0.306578626,3.77069267,3.059005405,104.5303146,183.6329608,,,,,,,,,0.986525739,0,,52.40011728,medium,high,12.33543771,-4.451975063,54.66700175,Braxton Waller,,Kcl bluecaps 2025,2022-11
66,6/10/2025,8:30:59 PM,6,1,Payton Knoll,,Left,Kcl bluecaps 2025,Ty Cribbett,,Left,Kcl groundsloths 2025,Windup,3,Top,1,0,0,Fastball,,StrikeCalled,,,,,,,81.09917571,1.338619855,1.932974547,,,,4.239767028,-1.477397604,6.000000192,,,,2.071548893,0.319778593,72.64511186,-6.426933704,1.932974547,,,,,,,,,,,,,,,,,,,,,,,,KCL BlueCaps 2025,KCL GroundSloths 2025,,,,a7e2d5ec-5834-4283-8774-090d88d82cfa,9c4d6b6e-54ce-4603-9d3c-102c37645d7f,81.32380617,4.232828709,-1.477397604,1.420402329,1.932974547,72.8128517,2.077897795,0.319778593,-6.330752608,1.932974547,0.473850455,,,,,,,,,,,,,,,,,,,,,,,,,,,,0,,,low,high,,,54.66700175,Braxton Waller,,Kcl bluecaps 2025,2022-11
67,6/10/2025,8:31:16 PM,6,2,Payton Knoll,,Left,Kcl bluecaps 2025,Ty Cribbett,,Left,Kcl groundsloths 2025,Windup,3,Top,1,0,1,Curveball,,StrikeSwinging,,,,,,,66.18935678,0.801256744,4.246861342,,,,5.226471066,-2.831116516,6.000000192,,,,0.828192392,1.12313379,59.9539839,-10.793964,4.246861342,,,,,,,,,,,,,,,,,,,,,,,,KCL BlueCaps 2025,KCL GroundSloths 2025,,,,a7e2d5ec-5834-4283-8774-090d88d82cfa,9569ec68-f7e7-4ac5-82dd-93a9554b4534,66.36860379,5.215683267,-2.831116516,0.926333075,4.246861342,60.06716557,0.837657077,1.12313379,-10.65314494,4.246861342,0.581921929,,,,,,,,,,,,,,,,,,,,,,,,,,,,0,,,low,high,,,54.66700175,Braxton Waller,,Kcl bluecaps 2025,2022-11
68,6/10/2025,8:31:33 PM,6,3,Payton Knoll,,Left,Kcl bluecaps 2025,Ty Cribbett,,Left,Kcl groundsloths 2025,Stretch,3,Top,1,0,2,Cutter,,BallCalled,,,,,,,64.73244253,1.510278103,1.595363647,1661.078065,257.9293848,2:30,5.471914134,-1.624937286,6.000000192,-61.05817529,7.116904537,12.54744823,1.788245126,0.903787641,58.53268527,-9.994730165,3.979938884,0.594270743,,,,,,,,,,,,-6.230145333,3.318599219,1.487722526,50,5.559819358,-2.910568797,-93.99546225,1.055104613,-5.428046508,17.71911038,-29.28270277,KCL BlueCaps 2025,KCL GroundSloths 2025,,,,a7e2d5ec-5834-4283-8774-090d88d82cfa,134b8db4-7390-44af-adab-71cbf6d98502,64.91187671,5.461242611,-1.625342321,1.635987453,1.600450992,58.64837859,1.79804157,0.903757891,-9.849425686,3.979284378,0.59402649,12.49516975,3.248505528,58.49433053,17.36197646,868.0510317,1416.215994,52.25829238,-0.109281009,0.852588463,-0.511028936,,,,,,,,,,,,,,,,,0.992825876,0,,,medium,high,74.37422119,-35.73071796,54.66700175,Braxton Waller,,Kcl bluecaps 2025,2022-11
69,6/10/2025,8:31:55 PM,6,4,Payton Knoll,,Left,Kcl bluecaps 2025,Ty Cribbett,,Left,Kcl groundsloths 2025,Stretch,3,Top,1,1,2,Fastball,,InPlay,,LineDrive,Single,0,0,,81.23912777,-0.427941206,3.621895823,1771.947371,125.8695193,10:15,5.320238135,-1.824946012,6.000000192,-29.1318014,14.04050938,-15.48879609,2.494058651,0.254978905,72.87085916,-5.941122564,0.684310595,0.472905287,71.36627064,20.50339234,-24.12654238,,-44.8814179,100.4273784,19.52413738,175.8399777,,-24.09746986,2.186533423,9.603383308,7.739466189,1.538502283,50,5.268439385,-7.005155577,-117.8579175,-1.737938954,13.2313409,26.67300268,-21.51077475,KCL BlueCaps 2025,KCL GroundSloths 2025,,,,a7e2d5ec-5834-4283-8774-090d88d82cfa,902bcff8-ccf0-41d2-913a-141115398e4d,81.46584196,5.319089059,-1.832861783,-0.415526122,3.716696333,73.04894068,2.495836319,0.261187471,-5.913076231,0.778447593,0.472710103,-16.38093628,12.44482225,17.50817268,89.01251011,1689.860222,533.0759031,95.36740475,-0.55879705,0.300841837,0.772813073,-27.32324482,61.00604266,24.99695254,-0.246339784,0.707304122,2.408708476,-71.79373086,160.5159119,,,,,,,,,0.766335945,0,,36.87233874,medium,high,9.888740898,10.74987491,54.66700175,Braxton Waller,,Kcl bluecaps 2025,2022-11
70,6/10/2025,8:32:32 PM,7,1,Payton Knoll,,Left,Kcl bluecaps 2025,Luke Mcclure,,Left,Kcl groundsloths 2025,Stretch,3,Top,1,0,0,Cutter,,BallCalled,,,,,,,65.37354426,0.135111483,2.982622666,1672.880321,252.4103653,2:30,5.550782541,-1.763079867,6.000000192,-58.92214308,8.024690442,10.93181927,0.766346027,1.922442438,59.32103371,-10.91536782,5.055255307,0.588893204,,,,,,,,,,,,-4.859448666,4.298918292,1.513613252,50,5.527852908,-5.200087696,-94.86522624,-1.162625661,-4.311163529,18.09030454,-28.36017253,KCL BlueCaps 2025,KCL GroundSloths 2025,,,,a7e2d5ec-5834-4283-8774-090d88d82cfa,3487ef88-ac2b-49de-80a6-fde0ed54511a,65.55584176,5.540563654,-1.764392283,0.253326943,2.998334659,59.4402428,0.775540527,1.923088574,-10.77934677,5.064738196,0.588644996,10.77961217,4.259112132,64.2212235,18.97398573,727.5315771,1506.395158,43.48975645,-0.131424933,0.900479932,-0.414564083,,,,,,,,,,,,,,,,,0.978097875,0,,,medium,high,72.92341285,-57.54889813,54.66700175,Braxton Waller,,Kcl bluecaps 2025,2022-11
71,6/10/2025,8:32:50 PM,7,2,Payton Knoll,,Left,Kcl bluecaps 2025,Luke Mcclure,,Left,Kcl groundsloths 2025,Stretch,3,Top,1,1,0,Fastball,,BallCalled,,,,,,,81.56644411,-1.225087004,2.735694361,1761.707361,131.3883367,10:30,5.02885144,-1.765371179,6.000000192,-28.16484286,14.61446685,-13.00269562,1.541720137,-0.304458277,73.27666564,-6.54900497,0.267374074,0.470747919,,,,,,,,,,,,7.960602515,8.320829292,1.549895474,50,4.91262607,-5.274222265,-118.4087865,-3.366251395,11.0680673,26.97228327,-20.60513902,KCL BlueCaps 2025,KCL GroundSloths 2025,,,,a7e2d5ec-5834-4283-8774-090d88d82cfa,97e0174a-5994-4072-9a1a-3b8f457e097d,81.79761224,5.028124369,-1.772651237,-1.217861849,2.822247618,73.45933444,1.543159629,-0.298928058,-6.525806952,0.352506382,0.470548846,-13.81655142,13.06571908,26.94646984,8.289089245,1570.439298,798.3315343,89.14302865,-0.589377297,0.453157858,0.668791715,,,,,,,,,,,,,,,,,0.966022649,0,,,medium,high,97.46018032,0.240919913,54.66700175,Braxton Waller,,Kcl bluecaps 2025,2022-11
72,6/10/2025,8:33:07 PM,7,3,Payton Knoll,,Left,Kcl bluecaps 2025,Luke Mcclure,,Left,Kcl groundsloths 2025,Stretch,3,Top,1,2,0,Fastball,,BallCalled,,,,,,,79.70078598,-2.426183548,2.334366263,1856.425074,136.339539,10:30,5.554079636,-2.263610921,6.000000192,-28.41380181,16.38696139,-12.2352034,0.928160457,-1.112464783,71.82988822,-7.777420429,0.01214552,0.481741686,,,,,,,,,,,,7.401510302,9.678415146,2.080450442,50,5.339709471,-4.362153503,-115.6662019,-5.724578618,9.828603044,25.55597153,-19.3219023,KCL BlueCaps 2025,KCL GroundSloths 2025,,,,a7e2d5ec-5834-4283-8774-090d88d82cfa,bc097abc-9ad5-4564-a777-9bd72b26cb37,79.92742669,5.553684513,-2.270592324,-2.422974882,2.417262797,72.0091933,0.929401422,-1.107125774,-7.757536224,0.093256483,0.481535221,-13.01347221,14.8443346,26.29416721,74.15686572,1664.34361,822.3590467,89.65315291,-0.648590124,0.442979929,0.618950429,,,,,,,,,,,,,,,,,0.677961288,0,,,medium,high,23.25882085,26.4354543,54.66700175,Braxton Waller,,Kcl bluecaps 2025,2022-11
73,6/10/2025,8:33:27 PM,8,1,Payton Knoll,,Left,Kcl bluecaps 2025,Luke Mcclure,,Left,Kcl groundsloths 2025,Stretch,3,Top,1,0,0,Fastball,,BallCalled,,,Walk,0,1,,81.21436546,-1.399918258,4.575805723,1803.179374,132.3237137,10:30,5.170290193,-1.732729794,6.000000192,-27.69117777,15.58006823,-13.40963977,1.557196725,1.411589591,72.97546982,-6.627523447,2.039063841,0.473446841,,,,,,,,,,,,8.781524154,8.893348194,1.366989827,50,5.039818284,-9.023008498,-117.6607606,-3.697688817,12.07543925,26.29899406,-19.94484154,KCL BlueCaps 2025,KCL GroundSloths 2025,,,,a7e2d5ec-5834-4283-8774-090d88d82cfa,c52189cf-1701-4ceb-b5f7-9be03ac814ce,81.44542864,5.169842402,-1.740041786,-1.395936612,4.662219962,73.15866817,1.558437874,1.41724998,-6.607425958,2.124338901,0.473247388,-14.22401629,14.11751657,24.2795251,65.49175264,1643.688651,741.4468776,91.15502734,-0.613763733,0.411188642,0.673956958,,,,,,,,,,,,,,,,,0.911430358,0,,,medium,high,31.05742262,-74.04269773,54.66700175,Braxton Waller,,Kcl bluecaps 2025,2022-11
74,6/10/2025,8:33:57 PM,8,1,Payton Knoll,,Left,Kcl bluecaps 2025,Kaden Griswold,,Right,Kcl groundsloths 2025,Stretch,3,Top,1,0,0,Fastball,,Foul,,,,,,,79.67912497,-0.013399712,3.858427353,1790.850831,135.5114689,10:30,5.324781546,-2.483040379,6.000000192,-29.19690828,15.707575,-12.05607043,2.879223833,0.103715667,71.42019469,-5.540727029,1.573503351,0.482299014,,,,,,,,,,,,7.827958814,8.501018652,2.1752593,50,5.306780495,-7.446976759,-115.5661083,-0.86814695,10.36895017,25.66236915,-20.91356127,KCL BlueCaps 2025,KCL GroundSloths 2025,,,,a7e2d5ec-5834-4283-8774-090d88d82cfa,e0f97856-e208-49e6-b3ec-82ffb51f8e2b,79.91467355,5.324266762,-2.49015343,-0.008933815,3.94280829,71.60770856,2.8806167,0.109251032,-5.518323605,1.656756893,0.48208593,-12.84974201,14.11040925,30.51604926,93.42373445,1542.794632,909.357698,86.14869564,-0.614576814,0.5077797,0.603701181,,,,,,,,,,,,,,,,,0.992560984,0,,,medium,high,5.918638999,-1.952783998,54.66700175,Braxton Waller,,Kcl bluecaps 2025,2022-11
75,6/10/2025,8:34:26 PM,8,2,Payton Knoll,,Left,Kcl bluecaps 2025,Kaden Griswold,,Right,Kcl groundsloths 2025,Stretch,3,Top,1,0,1,Fastball,,BallCalled,,,,,1,,81.37219238,-1.218814107,4.935080729,1743.759964,137.7032253,10:30,5.181974116,-1.548142351,6.000000192,-27.34634048,15.80756063,-10.89531435,1.76596767,2.141923999,73.07364466,-6.381039797,2.876268474,0.472804448,,,,,,,,,,,,7.547511419,8.957594606,1.151475852,50,5.066460769,-9.854308993,-117.8340543,-3.320271429,10.40601392,26.43803192,-19.82390541,KCL BlueCaps 2025,KCL GroundSloths 2025,,,,a7e2d5ec-5834-4283-8774-090d88d82cfa,88062d64-d170-407c-bf4f-432a6fff65ec,81.60901455,5.181678377,-1.554525249,-1.216632199,5.011300727,73.26369539,1.767114329,2.14690134,-6.362142442,2.951584472,0.472601636,-11.61548884,14.3498124,32.65664624,11.92296628,1468.105202,940.9388535,84.19193197,-0.622741604,0.539603428,0.566587182,,,,,,,,,,,,,,,,,0.926682074,0,,,medium,high,79.26933035,-19.74589949,54.66700175,Braxton Waller,,Kcl bluecaps 2025,2022-11
76,6/10/2025,8:35:01 PM,8,3,Payton Knoll,,Left,Kcl bluecaps 2025,Kaden Griswold,,Right,Kcl groundsloths 2025,Stretch,3,Top,1,1,1,Fastball,,StrikeSwinging,,,,,,,82.69779716,-0.905386233,3.278018851,1892.946695,129.5562357,10:15,5.077489309,-2.041270678,6.000000192,-26.53721591,15.10044286,-14.83253148,2.023145109,-0.227416639,74.19981556,-5.926555433,0.46398937,0.46442402,,,,,,,,,,,,9.13085278,8.473968359,1.782559704,50,4.988245415,-6.429593477,-120.006526,-2.693524223,13.04423212,27.6371531,-20.06823505,KCL BlueCaps 2025,KCL GroundSloths 2025,,,,a7e2d5ec-5834-4283-8774-090d88d82cfa,b95f9777-6715-4063-9166-c9f15802ade5,82.92984296,5.077146048,-2.0490383,-0.902658507,3.370224903,74.38245503,2.024248955,-0.221473033,-5.908617357,0.554672286,0.464230528,-15.69981472,13.64925697,19.14664146,93.38095725,1788.2331,620.8619575,94.46822273,-0.601606954,0.327987026,0.728349904,,,,,,,,,,,,,,,,,0.989298632,0,,,medium,high,5.957138477,-10.04423029,54.66700175,Braxton Waller,,Kcl bluecaps 2025,2022-11
77,6/10/2025,8:35:18 PM,8,4,Payton Knoll,,Left,Kcl bluecaps 2025,Kaden Griswold,,Right,Kcl groundsloths 2025,Stretch,3,Top,1,1,2,Fastball,,Foul,,,,,,,82.95331711,-1.719900309,3.485584865,1760.727168,127.6766649,10:15,5.554829783,-2.262382683,6.000000192,-27.67587124,13.73972601,-13.71501552,1.646598983,-0.161817934,74.56498225,-6.945133625,0.884878946,0.463183934,,,,,,,,,,,,8.593265927,8.011736379,1.986060135,50,5.398401953,-6.916916949,-120.3146937,-4.449677259,12.34292771,27.7179746,-20.66640118,KCL BlueCaps 2025,KCL GroundSloths 2025,,,,a7e2d5ec-5834-4283-8774-090d88d82cfa,ef59c57f-e261-49ec-b46b-2bcb4ab6f8f5,83.18201549,5.553960144,-2.269757624,-1.710639762,3.574244631,74.74750937,1.648147708,-0.155963189,-6.920688731,0.973259243,0.462993509,-14.54881996,12.25277163,26.23854058,78.57833589,1579.303921,778.4338672,89.69611815,-0.548226929,0.442109306,0.709920133,,,,,,,,,,,,,,,,,0.958392899,0,,,medium,high,19.2794977,-50.84033989,54.66700175,Braxton Waller,,Kcl bluecaps 2025,2022-11
